CREATE DATABASE  IF NOT EXISTS `v2catalogo_whatsapp` /*!40100 DEFAULT CHARACTER SET utf8mb4 COLLATE utf8mb4_0900_ai_ci */ /*!80016 DEFAULT ENCRYPTION='N' */;
USE `v2catalogo_whatsapp`;
-- MySQL dump 10.13  Distrib 8.0.31, for Win64 (x86_64)
--
-- Host: mysql.elproveedor.com.ar    Database: v2catalogo_whatsapp
-- ------------------------------------------------------
-- Server version	8.0.32-0ubuntu0.22.04.2

/*!40101 SET @OLD_CHARACTER_SET_CLIENT=@@CHARACTER_SET_CLIENT */;
/*!40101 SET @OLD_CHARACTER_SET_RESULTS=@@CHARACTER_SET_RESULTS */;
/*!40101 SET @OLD_COLLATION_CONNECTION=@@COLLATION_CONNECTION */;
/*!50503 SET NAMES utf8 */;
/*!40103 SET @OLD_TIME_ZONE=@@TIME_ZONE */;
/*!40103 SET TIME_ZONE='+00:00' */;
/*!40014 SET @OLD_UNIQUE_CHECKS=@@UNIQUE_CHECKS, UNIQUE_CHECKS=0 */;
/*!40014 SET @OLD_FOREIGN_KEY_CHECKS=@@FOREIGN_KEY_CHECKS, FOREIGN_KEY_CHECKS=0 */;
/*!40101 SET @OLD_SQL_MODE=@@SQL_MODE, SQL_MODE='NO_AUTO_VALUE_ON_ZERO' */;
/*!40111 SET @OLD_SQL_NOTES=@@SQL_NOTES, SQL_NOTES=0 */;

--
-- Table structure for table `categorias_productos`
--

DROP TABLE IF EXISTS `categorias_productos`;
/*!40101 SET @saved_cs_client     = @@character_set_client */;
/*!50503 SET character_set_client = utf8mb4 */;
CREATE TABLE `categorias_productos` (
  `id_categoria_producto` int unsigned NOT NULL AUTO_INCREMENT,
  `categoria` varchar(45) NOT NULL,
  `estado` char(1) NOT NULL DEFAULT '1',
  `fecha_registro` timestamp NOT NULL DEFAULT CURRENT_TIMESTAMP,
  `fecha_modificacion` timestamp NULL DEFAULT NULL,
  PRIMARY KEY (`id_categoria_producto`),
  UNIQUE KEY `id_categoria_producto_UNIQUE` (`id_categoria_producto`),
  UNIQUE KEY `categoria_UNIQUE` (`categoria`)
) ENGINE=InnoDB AUTO_INCREMENT=108 DEFAULT CHARSET=utf8mb4 COLLATE=utf8mb4_0900_ai_ci;
/*!40101 SET character_set_client = @saved_cs_client */;

--
-- Dumping data for table `categorias_productos`
--

LOCK TABLES `categorias_productos` WRITE;
/*!40000 ALTER TABLE `categorias_productos` DISABLE KEYS */;
INSERT INTO `categorias_productos` VALUES (1,'Alimentos','1','2023-02-07 13:08:17',NULL),(2,'Barras de Cereal','0','2023-02-07 13:08:17',NULL),(3,'Caramelos','0','2023-02-07 13:08:17',NULL),(4,'Manzanas','1','2023-02-07 13:08:17','2023-03-07 23:09:24'),(5,'Chicles','0','2023-02-07 13:08:17',NULL),(6,'Mentitas','1','2023-02-07 13:08:17','2023-03-07 23:11:08'),(7,'Chupetines','0','2023-02-07 13:08:17',NULL),(8,'Endulzantes','0','2023-02-07 13:08:17',NULL),(9,'Galletas de Arroz','1','2023-02-07 13:08:17',NULL),(10,'Galletitas','1','2023-02-07 13:08:17','2023-02-16 09:58:04'),(11,'Infusiones','1','2023-02-07 13:08:17',NULL),(12,'Jugos','1','2023-02-07 13:08:17',NULL),(13,'Materia Prima y Salsas','1','2023-02-07 13:08:17',NULL),(14,'Pastillas','1','2023-02-07 13:08:17',NULL),(15,'Postre de Mani','1','2023-02-07 13:08:17',NULL),(16,'Snack','1','2023-02-07 13:08:17',NULL),(17,'Varios','1','2023-02-07 13:08:17',NULL),(18,'Confituras','0','2023-02-07 14:13:39',NULL),(104,'Pirulitos','1','2023-03-07 11:17:28',NULL);
/*!40000 ALTER TABLE `categorias_productos` ENABLE KEYS */;
UNLOCK TABLES;

--
-- Table structure for table `clientes`
--

DROP TABLE IF EXISTS `clientes`;
/*!40101 SET @saved_cs_client     = @@character_set_client */;
/*!50503 SET character_set_client = utf8mb4 */;
CREATE TABLE `clientes` (
  `id_cliente` int unsigned NOT NULL AUTO_INCREMENT,
  `id_tipo_cliente` int unsigned NOT NULL,
  `id_tipo_descuento` int unsigned NOT NULL,
  `cuit` bigint unsigned NOT NULL,
  `razon_social` varchar(60) NOT NULL,
  `direccion` varchar(100) NOT NULL,
  `email` varchar(45) NOT NULL,
  `contacto_tel` varchar(14) NOT NULL,
  `estado` char(1) NOT NULL DEFAULT '1',
  `fecha_registro` timestamp NOT NULL DEFAULT CURRENT_TIMESTAMP,
  `fecha_modificacion` timestamp NULL DEFAULT NULL,
  PRIMARY KEY (`id_cliente`),
  UNIQUE KEY `id_cliente_UNIQUE` (`id_cliente`),
  UNIQUE KEY `cuit_UNIQUE` (`cuit`),
  KEY `fk_clientes_tipos_clientes1_idx` (`id_tipo_cliente`),
  KEY `fk_clientes_tipos_descuentos1_idx` (`id_tipo_descuento`),
  CONSTRAINT `fk_clientes_tipos_clientes1` FOREIGN KEY (`id_tipo_cliente`) REFERENCES `tipos_clientes` (`id_tipo_cliente`),
  CONSTRAINT `fk_clientes_tipos_descuentos1` FOREIGN KEY (`id_tipo_descuento`) REFERENCES `tipos_descuentos` (`id_tipo_descuento`)
) ENGINE=InnoDB AUTO_INCREMENT=10 DEFAULT CHARSET=utf8mb4 COLLATE=utf8mb4_0900_ai_ci;
/*!40101 SET character_set_client = @saved_cs_client */;

--
-- Dumping data for table `clientes`
--

LOCK TABLES `clientes` WRITE;
/*!40000 ALTER TABLE `clientes` DISABLE KEYS */;
INSERT INTO `clientes` VALUES (1,2,2,1,'Markovich Juan Andrés','Posadas','capinf@gmail.com','3764332806','1','2023-02-16 10:50:07',NULL),(2,2,4,23235675674,'Franco Argüelio','Posadas','francoargüello@gmail.com','3764250000','1','2023-02-16 12:47:43','2023-03-08 19:23:29'),(3,2,4,3,'Alex Mazur','Posadas','alexmazur@gmail.com','3755250001','1','2023-02-16 12:49:41',NULL);
/*!40000 ALTER TABLE `clientes` ENABLE KEYS */;
UNLOCK TABLES;

--
-- Table structure for table `marcas_productos`
--

DROP TABLE IF EXISTS `marcas_productos`;
/*!40101 SET @saved_cs_client     = @@character_set_client */;
/*!50503 SET character_set_client = utf8mb4 */;
CREATE TABLE `marcas_productos` (
  `id_marca_producto` int unsigned NOT NULL AUTO_INCREMENT,
  `marca` varchar(45) NOT NULL,
  `estado` char(1) NOT NULL DEFAULT '1',
  `fecha_registro` timestamp NOT NULL DEFAULT CURRENT_TIMESTAMP,
  `fecha_modificacion` timestamp NULL DEFAULT NULL,
  PRIMARY KEY (`id_marca_producto`),
  UNIQUE KEY `id_marca_producto_UNIQUE` (`id_marca_producto`),
  UNIQUE KEY `marca_UNIQUE` (`marca`)
) ENGINE=InnoDB AUTO_INCREMENT=27 DEFAULT CHARSET=utf8mb4 COLLATE=utf8mb4_0900_ai_ci;
/*!40101 SET character_set_client = @saved_cs_client */;

--
-- Dumping data for table `marcas_productos`
--

LOCK TABLES `marcas_productos` WRITE;
/*!40000 ALTER TABLE `marcas_productos` DISABLE KEYS */;
INSERT INTO `marcas_productos` VALUES (1,'Arcor','1','2023-02-07 12:59:03','2023-03-07 23:26:21'),(2,'Felfort','1','2023-02-07 13:00:28',NULL),(3,'Julicroc','1','2023-02-07 13:00:28',NULL),(4,'Lheritier','1','2023-02-07 13:00:28',NULL),(5,'Mafalda','1','2023-02-07 13:00:28',NULL),(6,'Mauri','1','2023-02-07 13:00:28',NULL),(7,'Oblita','1','2023-02-07 13:00:28',NULL),(8,'Philco','1','2023-02-07 13:00:28',NULL),(9,'Pozo','1','2023-02-07 13:00:28',NULL),(10,'Risky Dit','1','2023-02-07 13:00:28',NULL),(11,'Sweet','1','2023-02-07 13:00:28',NULL),(12,'Tincho','1','2023-02-07 13:00:28',NULL),(13,'Válido','1','2023-02-07 13:00:28',NULL),(14,'Cass','1','2023-02-07 13:54:12',NULL);
/*!40000 ALTER TABLE `marcas_productos` ENABLE KEYS */;
UNLOCK TABLES;

--
-- Table structure for table `productos`
--

DROP TABLE IF EXISTS `productos`;
/*!40101 SET @saved_cs_client     = @@character_set_client */;
/*!50503 SET character_set_client = utf8mb4 */;
CREATE TABLE `productos` (
  `id_producto` int unsigned NOT NULL AUTO_INCREMENT,
  `id_marca_producto` int unsigned NOT NULL,
  `id_categoria_producto` int unsigned NOT NULL,
  `sku` varchar(20) NOT NULL,
  `nombre` varchar(90) NOT NULL,
  `descripcion` text NOT NULL,
  `ux_bulto` int NOT NULL,
  `imagen` varchar(200) NOT NULL DEFAULT 'Producto sin imagen',
  `thumb` varchar(200) NOT NULL DEFAULT 'Producto sin imagen',
  `precio_lista` decimal(14,3) DEFAULT NULL,
  `disponibilidad` char(1) NOT NULL DEFAULT '0',
  `estado` char(1) NOT NULL DEFAULT '1',
  `fecha_registro` timestamp NOT NULL DEFAULT CURRENT_TIMESTAMP,
  `fecha_modificacion` timestamp NULL DEFAULT NULL,
  PRIMARY KEY (`id_producto`),
  UNIQUE KEY `id_producto_UNIQUE` (`id_producto`),
  UNIQUE KEY `sku_UNIQUE` (`sku`),
  KEY `fk_productos_marcas_productos1_idx` (`id_marca_producto`),
  KEY `fk_productos_categorias_productos1_idx` (`id_categoria_producto`),
  CONSTRAINT `fk_productos_categorias_productos1` FOREIGN KEY (`id_categoria_producto`) REFERENCES `categorias_productos` (`id_categoria_producto`),
  CONSTRAINT `fk_productos_marcas_productos1` FOREIGN KEY (`id_marca_producto`) REFERENCES `marcas_productos` (`id_marca_producto`)
) ENGINE=InnoDB AUTO_INCREMENT=1549 DEFAULT CHARSET=utf8mb4 COLLATE=utf8mb4_0900_ai_ci;
/*!40101 SET character_set_client = @saved_cs_client */;

--
-- Dumping data for table `productos`
--

LOCK TABLES `productos` WRITE;
/*!40000 ALTER TABLE `productos` DISABLE KEYS */;
INSERT INTO `productos` VALUES (1192,6,10,'621','Fauna Mauri x 150g','Fauna Mauri x 150g  - 28 unidades por bulto (Mauri - Galletitas)',28,'https://elproveedor.com.ar/wp-content/uploads/productos/621.png','https://elproveedor.com.ar/wp-content/uploads/productos/200x200/621.png',113.800,'1','1','2023-02-15 10:49:53',NULL),(1193,6,10,'604','Fauna Mauri x 400g','Fauna Mauri x 400g  - 12 unidades por bulto (Mauri - Galletitas)',12,'https://elproveedor.com.ar/wp-content/uploads/productos/604.png','https://elproveedor.com.ar/wp-content/uploads/productos/200x200/604.png',294.800,'1','1','2023-02-15 10:49:53',NULL),(1194,6,10,'304','Galletita Cracker sin sal Mauri x 400g','Galletita Cracker sin sal Mauri x 400g  - 12 unidades por bulto (Mauri - Galletitas)',12,'https://elproveedor.com.ar/wp-content/uploads/productos/304.png','https://elproveedor.com.ar/wp-content/uploads/productos/200x200/304.png',338.200,'1','1','2023-02-15 10:49:53',NULL),(1195,14,10,'2371','Galletita Crackers la Providencia x303g','Galletita Crackers la Providencia x303g  - 16 unidades por bulto (Cass - Galletitas)',16,'https://elproveedor.com.ar/wp-content/uploads/productos/2371.png','https://elproveedor.com.ar/wp-content/uploads/productos/200x200/2371.png',152.600,'1','1','2023-02-15 10:49:53',NULL),(1196,14,10,'2388','Galletita Crackers la Providencia x505g','Galletita Crackers la Providencia x505g  - 16 unidades por bulto (Cass - Galletitas)',16,'https://elproveedor.com.ar/wp-content/uploads/productos/2388.png','https://elproveedor.com.ar/wp-content/uploads/productos/200x200/2388.png',241.800,'0','0','2023-02-15 10:49:53',NULL),(1197,6,10,'402','Galletita Crackers Salvado Mauri x 210g','Galletita Crackers Salvado Mauri x 210g  - 20 unidades por bulto (Mauri - Galletitas)',20,'https://elproveedor.com.ar/wp-content/uploads/productos/402.png','https://elproveedor.com.ar/wp-content/uploads/productos/200x200/402.png',180.200,'1','1','2023-02-15 10:49:53',NULL),(1198,6,10,'404','Galletita Crackers Salvado Mauri x 400g','Galletita Crackers Salvado Mauri x 400g  - 12 unidades por bulto (Mauri - Galletitas)',12,'https://elproveedor.com.ar/wp-content/uploads/productos/404.png','https://elproveedor.com.ar/wp-content/uploads/productos/200x200/404.png',338.200,'1','1','2023-02-15 10:49:53',NULL),(1199,3,10,'360','Galletitas Doninas x  200g Semillas','Galletitas Doninas x  200g Semillas  - 20 unidades por bulto (Julicroc  - Galletitas)',20,'https://elproveedor.com.ar/wp-content/uploads/productos/360.png','https://elproveedor.com.ar/wp-content/uploads/productos/200x200/360.png',269.300,'1','1','2023-02-15 10:49:53',NULL),(1200,3,10,'353','Galletitas Doninas x 200g Chips','Galletitas Doninas x 200g Chips  - 20 unidades por bulto (Julicroc  - Galletitas)',20,'https://elproveedor.com.ar/wp-content/uploads/productos/353.png','https://elproveedor.com.ar/wp-content/uploads/productos/200x200/353.png',269.300,'0','0','2023-02-15 10:49:53',NULL),(1201,3,10,'421','Galletitas Doninas x 200g Nuez','Galletitas Doninas x 200g Nuez  - 20 unidades por bulto (Julicroc  - Galletitas)',20,'https://elproveedor.com.ar/wp-content/uploads/productos/421.png','https://elproveedor.com.ar/wp-content/uploads/productos/200x200/421.png',269.300,'1','1','2023-02-15 10:49:53',NULL),(1202,3,10,'176','Galletitas Doninas x 200g Chocolate y Mani ','Galletitas Doninas x 200g Chocolate y Mani   - 20 unidades por bulto (Julicroc  - Galletitas)',20,'https://elproveedor.com.ar/wp-content/uploads/productos/176.png','https://elproveedor.com.ar/wp-content/uploads/productos/200x200/176.png',269.300,'1','1','2023-02-15 10:49:53',NULL),(1203,3,10,'83','Galletitas Doninas x 200g Coco y Dulce de leche ','Galletitas Doninas x 200g Coco y Dulce de leche   - 20 unidades por bulto (Julicroc  - Galletitas)',20,'https://elproveedor.com.ar/wp-content/uploads/productos/83.png','https://elproveedor.com.ar/wp-content/uploads/productos/200x200/83.png',269.300,'1','1','2023-02-15 10:49:53',NULL),(1204,3,10,'30014','Galletitas Doninas x 200g Limon ','Galletitas Doninas x 200g Limon   - 20 unidades por bulto (Julicroc  - Galletitas)',20,'https://elproveedor.com.ar/wp-content/uploads/productos/30014.png','https://elproveedor.com.ar/wp-content/uploads/productos/200x200/30014.png',269.300,'1','1','2023-02-15 10:49:53',NULL),(1205,3,10,'30021','Galletitas Doninas x 200g Saladas ','Galletitas Doninas x 200g Saladas   - 20 unidades por bulto (Julicroc  - Galletitas)',20,'https://elproveedor.com.ar/wp-content/uploads/productos/30021.png','https://elproveedor.com.ar/wp-content/uploads/productos/200x200/30021.png',269.300,'1','1','2023-02-15 10:49:53',NULL),(1206,13,10,'209','Galletitas Dulce Valido x 150g Coco','Galletitas Dulce Valido x 150g Coco  - 20 unidades por bulto (Valido  - Galletitas)',20,'https://elproveedor.com.ar/wp-content/uploads/productos/209.png','https://elproveedor.com.ar/wp-content/uploads/productos/200x200/209.png',98.200,'1','1','2023-02-15 10:49:53',NULL),(1207,13,10,'213','Galletitas Dulce Valido x 150g Miel','Galletitas Dulce Valido x 150g Miel  - 20 unidades por bulto (Valido  - Galletitas)',20,'https://elproveedor.com.ar/wp-content/uploads/productos/213.png','https://elproveedor.com.ar/wp-content/uploads/productos/200x200/213.png',98.200,'1','1','2023-02-15 10:49:53',NULL),(1208,13,10,'778','Galletitas Dulce Valido x 450g Coco','Galletitas Dulce Valido x 450g Coco  - 8 unidades por bulto (Valido  - Galletitas)',8,'https://elproveedor.com.ar/wp-content/uploads/productos/778.png','https://elproveedor.com.ar/wp-content/uploads/productos/200x200/778.png',257.100,'1','1','2023-02-15 10:49:53',NULL),(1209,13,10,'711','Galletitas Dulce Valido x 450g Miel','Galletitas Dulce Valido x 450g Miel  - 8 unidades por bulto (Valido  - Galletitas)',8,'https://elproveedor.com.ar/wp-content/uploads/productos/711.png','https://elproveedor.com.ar/wp-content/uploads/productos/200x200/711.png',257.100,'1','1','2023-02-15 10:49:53',NULL),(1210,5,10,'10460','Hojaldre Bandeja  Macarena x 100','Hojaldre Bandeja  Macarena x 100  - 30 unidades por bulto (Mafalda - Galletitas)',30,'https://elproveedor.com.ar/wp-content/uploads/productos/10460.png','https://elproveedor.com.ar/wp-content/uploads/productos/200x200/10460.png',83.800,'1','1','2023-02-15 10:49:53',NULL),(1211,5,10,'410101','Hojaldre Bandeja  Mafalda x 150g Larguita','Hojaldre Bandeja  Mafalda x 150g Larguita  - 18 unidades por bulto (Mafalda - Galletitas)',18,'https://elproveedor.com.ar/wp-content/uploads/productos/410101.png','https://elproveedor.com.ar/wp-content/uploads/productos/200x200/410101.png',142.900,'1','1','2023-02-15 10:49:53',NULL),(1212,5,10,'410102','Hojaldre Bandeja  Mafalda x 150g Triangulito','Hojaldre Bandeja  Mafalda x 150g Triangulito  - 18 unidades por bulto (Mafalda - Galletitas)',18,'https://elproveedor.com.ar/wp-content/uploads/productos/410102.png','https://elproveedor.com.ar/wp-content/uploads/productos/200x200/410102.png',142.900,'1','1','2023-02-15 10:49:53',NULL),(1213,5,10,'410040','Hojaldre Mafalda x 180g Azul','Hojaldre Mafalda x 180g Azul  - 24 unidades por bulto (Mafalda - Galletitas)',24,'https://elproveedor.com.ar/wp-content/uploads/productos/410040.png','https://elproveedor.com.ar/wp-content/uploads/productos/200x200/410040.png',124.300,'1','1','2023-02-15 10:49:53',NULL),(1214,5,10,'410042','Hojaldre Mafalda x 180g Roja','Hojaldre Mafalda x 180g Roja  - 24 unidades por bulto (Mafalda - Galletitas)',24,'https://elproveedor.com.ar/wp-content/uploads/productos/410042.png','https://elproveedor.com.ar/wp-content/uploads/productos/200x200/410042.png',124.300,'1','1','2023-02-15 10:49:53',NULL),(1215,9,10,'13','Magdalena Pozo x 220g Chips','Magdalena Pozo x 220g Chips  - 10 unidades por bulto (Pozo - Galletitas)',10,'https://elproveedor.com.ar/wp-content/uploads/productos/13.png','https://elproveedor.com.ar/wp-content/uploads/productos/200x200/13.png',247.400,'1','1','2023-02-15 10:49:53',NULL),(1216,9,10,'11','Magdalena Pozo x 220g Clasica','Magdalena Pozo x 220g Clasica  - 10 unidades por bulto (Pozo - Galletitas)',10,'https://elproveedor.com.ar/wp-content/uploads/productos/11.png','https://elproveedor.com.ar/wp-content/uploads/productos/200x200/11.png',247.400,'1','1','2023-02-15 10:49:53',NULL),(1217,9,10,'12','Magdalena Pozo x 220g Marmolada','Magdalena Pozo x 220g Marmolada  - 10 unidades por bulto (Pozo - Galletitas)',10,'https://elproveedor.com.ar/wp-content/uploads/productos/12.png','https://elproveedor.com.ar/wp-content/uploads/productos/200x200/12.png',247.400,'1','1','2023-02-15 10:49:53',NULL),(1218,9,10,'15','Magdalena Pozo x 220g Rell Choc','Magdalena Pozo x 220g Rell Choc  - 10 unidades por bulto (Pozo - Galletitas)',10,'https://elproveedor.com.ar/wp-content/uploads/productos/15.png','https://elproveedor.com.ar/wp-content/uploads/productos/200x200/15.png',247.400,'1','1','2023-02-15 10:49:53',NULL),(1219,9,10,'14','Magdalena Pozo x 220g Rell DDL','Magdalena Pozo x 220g Rell DDL  - 10 unidades por bulto (Pozo - Galletitas)',10,'https://elproveedor.com.ar/wp-content/uploads/productos/14.png','https://elproveedor.com.ar/wp-content/uploads/productos/200x200/14.png',247.400,'1','1','2023-02-15 10:49:53',NULL),(1220,1,10,'1008879','Media Tarde Sandwich 5 x107g','Media Tarde Sandwich 5 x107g  - 8 unidades por bulto (Arcor - Galletitas)',8,'https://elproveedor.com.ar/wp-content/uploads/productos/1008879.png','https://elproveedor.com.ar/wp-content/uploads/productos/200x200/1008879.png',338.410,'0','0','2023-02-15 10:49:53',NULL),(1221,1,10,'1012000','Mini Polvorita x 147g Chocolate','Mini Polvorita x 147g Chocolate  - 36 unidades por bulto (Arcor - Galletitas)',36,'https://elproveedor.com.ar/wp-content/uploads/productos/1012000.png','https://elproveedor.com.ar/wp-content/uploads/productos/200x200/1012000.png',144.970,'1','1','2023-02-15 10:49:53',NULL),(1222,1,10,'1012004','Mini Polvorita x 147g Frutilla','Mini Polvorita x 147g Frutilla  - 36 unidades por bulto (Arcor - Galletitas)',36,'https://elproveedor.com.ar/wp-content/uploads/productos/1012004.png','https://elproveedor.com.ar/wp-content/uploads/productos/200x200/1012004.png',144.970,'1','1','2023-02-15 10:49:53',NULL),(1223,1,10,'1012001','Mini Polvorita x 147g Vainilla','Mini Polvorita x 147g Vainilla  - 36 unidades por bulto (Arcor - Galletitas)',36,'https://elproveedor.com.ar/wp-content/uploads/productos/1012001.png','https://elproveedor.com.ar/wp-content/uploads/productos/200x200/1012001.png',144.970,'1','1','2023-02-15 10:49:53',NULL),(1224,7,10,'1394','Oblea rellena Oblita x 100g Noir','Oblea rellena Oblita x 100g Noir  - 48 unidades por bulto (Oblita - Galletitas)',48,'https://elproveedor.com.ar/wp-content/uploads/productos/1394.png','https://elproveedor.com.ar/wp-content/uploads/productos/200x200/1394.png',108.400,'1','1','2023-02-15 10:49:53',NULL),(1225,7,10,'1392','Oblea rellena Oblita x 100g Frutilla','Oblea rellena Oblita x 100g Frutilla  - 48 unidades por bulto (Oblita - Galletitas)',48,'https://elproveedor.com.ar/wp-content/uploads/productos/1392.png','https://elproveedor.com.ar/wp-content/uploads/productos/200x200/1392.png',108.400,'1','1','2023-02-15 10:49:53',NULL),(1226,7,10,'1396','Oblea rellena Oblita x 100g Limon','Oblea rellena Oblita x 100g Limon  - 48 unidades por bulto (Oblita - Galletitas)',48,'https://elproveedor.com.ar/wp-content/uploads/productos/1396.png','https://elproveedor.com.ar/wp-content/uploads/productos/200x200/1396.png',108.400,'1','1','2023-02-15 10:49:53',NULL),(1227,7,10,'1390','Oblea rellena Oblita x 100g Vainilla','Oblea rellena Oblita x 100g Vainilla  - 48 unidades por bulto (Oblita - Galletitas)',48,'https://elproveedor.com.ar/wp-content/uploads/productos/1390.png','https://elproveedor.com.ar/wp-content/uploads/productos/200x200/1390.png',108.400,'1','1','2023-02-15 10:49:53',NULL),(1228,7,10,'1344','Oblea rellena Oblita x 50g DDL','Oblea rellena Oblita x 50g DDL  - 48 unidades por bulto (Oblita - Galletitas)',48,'https://elproveedor.com.ar/wp-content/uploads/productos/1344.png','https://elproveedor.com.ar/wp-content/uploads/productos/200x200/1344.png',58.100,'1','1','2023-02-15 10:49:53',NULL),(1229,7,10,'1342','Oblea rellena Oblita x 50g Frutilla','Oblea rellena Oblita x 50g Frutilla  - 48 unidades por bulto (Oblita - Galletitas)',48,'https://elproveedor.com.ar/wp-content/uploads/productos/1342.png','https://elproveedor.com.ar/wp-content/uploads/productos/200x200/1342.png',58.100,'1','1','2023-02-15 10:49:53',NULL),(1230,7,10,'1346','Oblea rellena Oblita x 50g Limon','Oblea rellena Oblita x 50g Limon  - 48 unidades por bulto (Oblita - Galletitas)',48,'https://elproveedor.com.ar/wp-content/uploads/productos/1346.png','https://elproveedor.com.ar/wp-content/uploads/productos/200x200/1346.png',58.100,'1','1','2023-02-15 10:49:53',NULL),(1231,7,10,'1343','Oblea rellena Oblita x 50g Mix Frutal','Oblea rellena Oblita x 50g Mix Frutal  - 48 unidades por bulto (Oblita - Galletitas)',48,'https://elproveedor.com.ar/wp-content/uploads/productos/1343.png','https://elproveedor.com.ar/wp-content/uploads/productos/200x200/1343.png',58.100,'1','1','2023-02-15 10:49:53',NULL),(1232,7,10,'1340','Oblea rellena Oblita x 50g Vainilla','Oblea rellena Oblita x 50g Vainilla  - 48 unidades por bulto (Oblita - Galletitas)',48,'https://elproveedor.com.ar/wp-content/uploads/productos/1340.png','https://elproveedor.com.ar/wp-content/uploads/productos/200x200/1340.png',58.100,'1','1','2023-02-15 10:49:53',NULL),(1233,7,10,'1349','Oblea rellena Oblita x 50g Mango/Maracuya','Oblea rellena Oblita x 50g Mango/Maracuya  - 48 unidades por bulto (Oblita - Galletitas)',48,'https://elproveedor.com.ar/wp-content/uploads/productos/1349.png','https://elproveedor.com.ar/wp-content/uploads/productos/200x200/1349.png',58.100,'1','1','2023-02-15 10:49:53',NULL),(1234,7,10,'1341','Oblea rellena Oblita x 50g Anana','Oblea rellena Oblita x 50g Anana  - 48 unidades por bulto (Oblita - Galletitas)',48,'https://elproveedor.com.ar/wp-content/uploads/productos/1341.png','https://elproveedor.com.ar/wp-content/uploads/productos/200x200/1341.png',58.100,'1','1','2023-02-15 10:49:53',NULL),(1235,7,10,'1347','Oblea rellena Oblita x 50g Sandia ','Oblea rellena Oblita x 50g Sandia   - 48 unidades por bulto (Oblita - Galletitas)',48,'https://elproveedor.com.ar/wp-content/uploads/productos/1347.png','https://elproveedor.com.ar/wp-content/uploads/productos/200x200/1347.png',58.100,'1','1','2023-02-15 10:49:53',NULL),(1236,13,10,'6667','Pepas Valido x 200g','Pepas Valido x 200g  - 20 unidades por bulto (Valido  - Galletitas)',20,'https://elproveedor.com.ar/wp-content/uploads/productos/6667.png','https://elproveedor.com.ar/wp-content/uploads/productos/200x200/6667.png',101.500,'1','1','2023-02-15 10:49:53',NULL),(1237,13,10,'6074','Pepas Valido x 500g','Pepas Valido x 500g  - 10 unidades por bulto (Valido  - Galletitas)',10,'https://elproveedor.com.ar/wp-content/uploads/productos/6074.png','https://elproveedor.com.ar/wp-content/uploads/productos/200x200/6074.png',251.600,'1','1','2023-02-15 10:49:53',NULL),(1238,1,10,'1002881','Polvorita x 81g  VAI/FRUT','Polvorita x 81g  VAI/FRUT  - 40 unidades por bulto (Arcor - Galletitas)',40,'https://elproveedor.com.ar/wp-content/uploads/productos/1002881.png','https://elproveedor.com.ar/wp-content/uploads/productos/200x200/1002881.png',74.880,'1','1','2023-02-15 10:49:53',NULL),(1239,1,10,'1002880','Polvorita x 81g VAI/VAI','Polvorita x 81g VAI/VAI  - 40 unidades por bulto (Arcor - Galletitas)',40,'https://elproveedor.com.ar/wp-content/uploads/productos/1002880.png','https://elproveedor.com.ar/wp-content/uploads/productos/200x200/1002880.png',74.880,'1','1','2023-02-15 10:49:53',NULL),(1240,1,10,'1002872','Polvoritas x 152g VAI/FRUT','Polvoritas x 152g VAI/FRUT  - 36 unidades por bulto (Arcor - Galletitas)',36,'https://elproveedor.com.ar/wp-content/uploads/productos/1002872.png','https://elproveedor.com.ar/wp-content/uploads/productos/200x200/1002872.png',143.832,'1','1','2023-02-15 10:49:53',NULL),(1241,1,10,'1002871','Polvoritas x 152g VAI/VAI','Polvoritas x 152g VAI/VAI  - 36 unidades por bulto (Arcor - Galletitas)',36,'https://elproveedor.com.ar/wp-content/uploads/productos/1002871.png','https://elproveedor.com.ar/wp-content/uploads/productos/200x200/1002871.png',143.830,'1','1','2023-02-15 10:49:53',NULL),(1242,1,10,'1013391','Tostada Media Tarde Salvado x 187g','Tostada Media Tarde Salvado x 187g  - 18 unidades por bulto (Arcor - Galletitas)',18,'https://elproveedor.com.ar/wp-content/uploads/productos/1013391.png','https://elproveedor.com.ar/wp-content/uploads/productos/200x200/1013391.png',154.540,'1','1','2023-02-15 10:49:53',NULL),(1243,1,10,'1004014','Turron de Mani Misky x 50u','Turron de Mani Misky x 50u  - 1 unidades por bulto (Arcor - Galletitas)',1,'https://elproveedor.com.ar/wp-content/uploads/productos/1004014.png','https://elproveedor.com.ar/wp-content/uploads/productos/200x200/1004014.png',1674.600,'1','1','2023-02-15 10:49:53',NULL),(1244,6,10,'640','Vainilla Mauri x 160g','Vainilla Mauri x 160g  - 32 unidades por bulto (Mauri - Galletitas)',32,'https://elproveedor.com.ar/wp-content/uploads/productos/640.png','https://elproveedor.com.ar/wp-content/uploads/productos/200x200/640.png',178.500,'1','1','2023-02-15 10:49:53',NULL),(1245,6,10,'680','Vainilla Mauri x 320g','Vainilla Mauri x 320g  - 16 unidades por bulto (Mauri - Galletitas)',16,'https://elproveedor.com.ar/wp-content/uploads/productos/680.png','https://elproveedor.com.ar/wp-content/uploads/productos/200x200/680.png',350.200,'1','1','2023-02-15 10:49:53',NULL),(1246,6,10,'660','Vainilla Mauri x 800g','Vainilla Mauri x 800g  - 6 unidades por bulto (Mauri - Galletitas)',6,'https://elproveedor.com.ar/wp-content/uploads/productos/660.png','https://elproveedor.com.ar/wp-content/uploads/productos/200x200/660.png',862.500,'1','1','2023-02-15 10:49:53',NULL),(1247,6,10,'600','Vainilla Mauri x 80g','Vainilla Mauri x 80g  - 36 unidades por bulto (Mauri - Galletitas)',36,'https://elproveedor.com.ar/wp-content/uploads/productos/600.png','https://elproveedor.com.ar/wp-content/uploads/productos/200x200/600.png',84.500,'1','1','2023-02-15 10:49:53',NULL),(1248,1,10,'1013321','Vocacion acaramelada 3 x145g','Vocacion acaramelada 3 x145g  - 10 unidades por bulto (Arcor - Galletitas)',10,'https://elproveedor.com.ar/wp-content/uploads/productos/1013321.png','https://elproveedor.com.ar/wp-content/uploads/productos/200x200/1013321.png',325.410,'1','1','2023-02-15 10:49:53',NULL),(1249,1,10,'1013322','Vocacion Acaramelada x 150g','Vocacion Acaramelada x 150g  - 30 unidades por bulto (Arcor - Galletitas)',30,'https://elproveedor.com.ar/wp-content/uploads/productos/1013322.png','https://elproveedor.com.ar/wp-content/uploads/productos/200x200/1013322.png',117.200,'1','1','2023-02-15 10:49:53',NULL),(1250,1,10,'1013118','Vocacion clasica x 141g','Vocacion clasica x 141g  - 36 unidades por bulto (Arcor - Galletitas)',36,'https://elproveedor.com.ar/wp-content/uploads/productos/1013118.png','https://elproveedor.com.ar/wp-content/uploads/productos/200x200/1013118.png',104.100,'0','1','2023-02-15 10:49:53',NULL),(1251,13,10,'780','Zaira Valido x 150g','Zaira Valido x 150g  - 20 unidades por bulto (Valido  - Galletitas)',20,'https://elproveedor.com.ar/wp-content/uploads/productos/780.png','https://elproveedor.com.ar/wp-content/uploads/productos/200x200/780.png',98.200,'0','0','2023-02-15 10:49:53',NULL),(1252,13,10,'770','Zaira Valido x 350g','Zaira Valido x 350g  - 10 unidades por bulto (Valido  - Galletitas)',10,'https://elproveedor.com.ar/wp-content/uploads/productos/770.png','https://elproveedor.com.ar/wp-content/uploads/productos/200x200/770.png',211.100,'0','0','2023-02-15 10:49:53',NULL),(1253,10,9,'80451','Galleta de arroz redonda x100g Clasicas','Galleta de arroz redonda x100g Clasicas  - 20 unidades por bulto (Risky Dit - Galletas de Arroz)',20,'https://elproveedor.com.ar/wp-content/uploads/productos/80451.png','https://elproveedor.com.ar/wp-content/uploads/productos/200x200/80451.png',78.500,'1','1','2023-02-15 10:49:53',NULL),(1254,10,9,'11042','Galleta de arroz redonda x100g Sin sal','Galleta de arroz redonda x100g Sin sal  - 20 unidades por bulto (Risky Dit - Galletas de Arroz)',20,'https://elproveedor.com.ar/wp-content/uploads/productos/11042.png','https://elproveedor.com.ar/wp-content/uploads/productos/200x200/11042.png',78.500,'1','1','2023-02-15 10:49:53',NULL),(1255,10,9,'43','Minis de Arroz x 100g Clasicas','Minis de Arroz x 100g Clasicas  - 20 unidades por bulto (Risky Dit - Galletas de Arroz)',20,'https://elproveedor.com.ar/wp-content/uploads/productos/43.png','https://elproveedor.com.ar/wp-content/uploads/productos/200x200/43.png',78.500,'1','1','2023-02-15 10:49:53',NULL),(1256,10,9,'36','Minis de Arroz x 100g Semillas','Minis de Arroz x 100g Semillas  - 20 unidades por bulto (Risky Dit - Galletas de Arroz)',20,'https://elproveedor.com.ar/wp-content/uploads/productos/36.png','https://elproveedor.com.ar/wp-content/uploads/productos/200x200/36.png',78.500,'1','1','2023-02-15 10:49:53',NULL),(1257,4,3,'301046','Bocadito Lheritier x52u Chocolate','Bocadito Lheritier x52u Chocolate  - 12 unidades por bulto (Lheritier  - Caramelos)',12,'https://elproveedor.com.ar/wp-content/uploads/productos/301046.png','https://elproveedor.com.ar/wp-content/uploads/productos/200x200/301046.png',659.400,'0','1','2023-02-15 10:49:53',NULL),(1258,4,3,'300992','Bocadito Lheritier x52u DDL','Bocadito Lheritier x52u DDL  - 12 unidades por bulto (Lheritier  - Caramelos)',12,'https://elproveedor.com.ar/wp-content/uploads/productos/300992.png','https://elproveedor.com.ar/wp-content/uploads/productos/200x200/300992.png',659.400,'0','0','2023-02-15 10:49:53',NULL),(1259,1,3,'1010881','Caramelo Alka x 200g Cherry','Caramelo Alka x 200g Cherry  - 24 unidades por bulto (Arcor - Caramelos)',24,'https://elproveedor.com.ar/wp-content/uploads/productos/1010881.png','https://elproveedor.com.ar/wp-content/uploads/productos/200x200/1010881.png',322.600,'0','1','2023-02-15 10:49:53',NULL),(1260,1,3,'1010884','Caramelo Alka x 800g Acido SDO','Caramelo Alka x 800g Acido SDO  - 10 unidades por bulto (Arcor - Caramelos)',10,'https://elproveedor.com.ar/wp-content/uploads/productos/1010884.png','https://elproveedor.com.ar/wp-content/uploads/productos/200x200/1010884.png',1007.240,'0','1','2023-02-15 10:49:53',NULL),(1261,1,3,'1010880','Caramelo Alka x 800g Cherry','Caramelo Alka x 800g Cherry  - 10 unidades por bulto (Arcor - Caramelos)',10,'https://elproveedor.com.ar/wp-content/uploads/productos/1010880.png','https://elproveedor.com.ar/wp-content/uploads/productos/200x200/1010880.png',1007.240,'0','1','2023-02-15 10:49:53',NULL),(1262,1,3,'1010744','Caramelo Alka x 800g Cremoso','Caramelo Alka x 800g Cremoso  - 10 unidades por bulto (Arcor - Caramelos)',10,'https://elproveedor.com.ar/wp-content/uploads/productos/1010744.png','https://elproveedor.com.ar/wp-content/uploads/productos/200x200/1010744.png',1007.240,'0','1','2023-02-15 10:49:53',NULL),(1263,1,3,'1010882','Caramelo Alka x 800g Menta','Caramelo Alka x 800g Menta  - 10 unidades por bulto (Arcor - Caramelos)',10,'https://elproveedor.com.ar/wp-content/uploads/productos/1010882.png','https://elproveedor.com.ar/wp-content/uploads/productos/200x200/1010882.png',1007.240,'0','1','2023-02-15 10:49:53',NULL),(1264,1,3,'1010883','Caramelo Alka x 800g Strong','Caramelo Alka x 800g Strong  - 10 unidades por bulto (Arcor - Caramelos)',10,'https://elproveedor.com.ar/wp-content/uploads/productos/1010883.png','https://elproveedor.com.ar/wp-content/uploads/productos/200x200/1010883.png',1007.240,'0','1','2023-02-15 10:49:53',NULL),(1265,1,3,'1001781','Caramelo Masticable Surtido Misky  x 800g','Caramelo Masticable Surtido Misky  x 800g  - 10 unidades por bulto (Arcor - Caramelos)',10,'https://elproveedor.com.ar/wp-content/uploads/productos/1001781.png','https://elproveedor.com.ar/wp-content/uploads/productos/200x200/1001781.png',734.860,'0','1','2023-02-15 10:49:53',NULL),(1266,1,3,'1011982','Caramelo Misky x 675g Miel','Caramelo Misky x 675g Miel  - 6 unidades por bulto (Arcor - Caramelos)',6,'https://elproveedor.com.ar/wp-content/uploads/productos/1011982.png','https://elproveedor.com.ar/wp-content/uploads/productos/200x200/1011982.png',757.530,'0','1','2023-02-15 10:49:53',NULL),(1267,4,3,'303','Caramelo Pico Dulce x 150g','Caramelo Pico Dulce x 150g  - 16 unidades por bulto (Lheritier  - Caramelos)',16,'https://elproveedor.com.ar/wp-content/uploads/productos/303.png','https://elproveedor.com.ar/wp-content/uploads/productos/200x200/303.png',269.900,'0','1','2023-02-15 10:49:53',NULL),(1268,4,3,'300152','Caramelo Pico Dulce x 450g','Caramelo Pico Dulce x 450g  - 16 unidades por bulto (Lheritier  - Caramelos)',16,'https://elproveedor.com.ar/wp-content/uploads/productos/300152.png','https://elproveedor.com.ar/wp-content/uploads/productos/200x200/300152.png',732.900,'0','1','2023-02-15 10:49:53',NULL),(1269,1,3,'1001836','Caramelo Transparente Misky x 405g Cherry','Caramelo Transparente Misky x 405g Cherry  - 12 unidades por bulto (Arcor - Caramelos)',12,'https://elproveedor.com.ar/wp-content/uploads/productos/1001836.png','https://elproveedor.com.ar/wp-content/uploads/productos/200x200/1001836.png',495.560,'0','1','2023-02-15 10:49:53',NULL),(1270,4,3,'300424','Masticable BabyDoll x500g','Masticable BabyDoll x500g  - 12 unidades por bulto (Lheritier  - Caramelos)',12,'https://elproveedor.com.ar/wp-content/uploads/productos/300424.png','https://elproveedor.com.ar/wp-content/uploads/productos/200x200/300424.png',424.100,'1','1','2023-02-15 10:49:53',NULL),(1271,4,3,'300124','Masticable Economico Lheritier x 300g','Masticable Economico Lheritier x 300g  - 20 unidades por bulto (Lheritier  - Caramelos)',20,'https://elproveedor.com.ar/wp-content/uploads/productos/300124.png','https://elproveedor.com.ar/wp-content/uploads/productos/200x200/300124.png',259.800,'1','1','2023-02-15 10:49:53',NULL),(1272,4,3,'73','Masticable Economico Lheritier x 450g','Masticable Economico Lheritier x 450g  - 10 unidades por bulto (Lheritier  - Caramelos)',10,'https://elproveedor.com.ar/wp-content/uploads/productos/73.png','https://elproveedor.com.ar/wp-content/uploads/productos/200x200/73.png',439.100,'1','1','2023-02-15 10:49:53',NULL),(1273,4,3,'300854','Masticable Pico Dulce Animal Creamy x 150g','Masticable Pico Dulce Animal Creamy x 150g  - 16 unidades por bulto (Lheritier  - Caramelos)',16,'https://elproveedor.com.ar/wp-content/uploads/productos/300854.png','https://elproveedor.com.ar/wp-content/uploads/productos/200x200/300854.png',198.300,'1','1','2023-02-15 10:49:53',NULL),(1274,4,3,'300635','Masticable Pico Dulce Animal Creamy x 500g','Masticable Pico Dulce Animal Creamy x 500g  - 12 unidades por bulto (Lheritier  - Caramelos)',12,'https://elproveedor.com.ar/wp-content/uploads/productos/300635.png','https://elproveedor.com.ar/wp-content/uploads/productos/200x200/300635.png',595.700,'1','1','2023-02-15 10:49:53',NULL),(1275,4,3,'301034','Masticable Pico Dulce BIT x 51u Frutilla','Masticable Pico Dulce BIT x 51u Frutilla  - 12 unidades por bulto (Lheritier  - Caramelos)',12,'https://elproveedor.com.ar/wp-content/uploads/productos/301034.png','https://elproveedor.com.ar/wp-content/uploads/productos/200x200/301034.png',495.000,'1','1','2023-02-15 10:49:53',NULL),(1276,4,3,'300887','Masticable Pico Dulce BIT x 51u Tutti Frutti','Masticable Pico Dulce BIT x 51u Tutti Frutti  - 12 unidades por bulto (Lheritier  - Caramelos)',12,'https://elproveedor.com.ar/wp-content/uploads/productos/300887.png','https://elproveedor.com.ar/wp-content/uploads/productos/200x200/300887.png',495.000,'1','1','2023-02-15 10:49:53',NULL),(1277,4,3,'301032','Masticable Pico Dulce BIT x 51u Uva','Masticable Pico Dulce BIT x 51u Uva  - 12 unidades por bulto (Lheritier  - Caramelos)',12,'https://elproveedor.com.ar/wp-content/uploads/productos/301032.png','https://elproveedor.com.ar/wp-content/uploads/productos/200x200/301032.png',495.000,'1','1','2023-02-15 10:49:53',NULL),(1278,4,3,'300777','Masticable Pico Dulce Tubicolor x500g','Masticable Pico Dulce Tubicolor x500g  - 12 unidades por bulto (Lheritier  - Caramelos)',12,'https://elproveedor.com.ar/wp-content/uploads/productos/300777.png','https://elproveedor.com.ar/wp-content/uploads/productos/200x200/300777.png',595.700,'1','1','2023-02-15 10:49:53',NULL),(1279,4,3,'300354','Masticable Pico Dulce x 150g','Masticable Pico Dulce x 150g  - 16 unidades por bulto (Lheritier  - Caramelos)',16,'https://elproveedor.com.ar/wp-content/uploads/productos/300354.png','https://elproveedor.com.ar/wp-content/uploads/productos/200x200/300354.png',172.500,'1','1','2023-02-15 10:49:53',NULL),(1280,4,3,'300240','Masticable Pico Dulce x 500g','Masticable Pico Dulce x 500g  - 12 unidades por bulto (Lheritier  - Caramelos)',12,'https://elproveedor.com.ar/wp-content/uploads/productos/300240.png','https://elproveedor.com.ar/wp-content/uploads/productos/200x200/300240.png',495.000,'1','1','2023-02-15 10:49:53',NULL),(1281,1,3,'1012883','Masticable Ricomas x 280g Anana/Naranja','Masticable Ricomas x 280g Anana/Naranja  - 28 unidades por bulto (Arcor - Caramelos)',28,'https://elproveedor.com.ar/wp-content/uploads/productos/1012883.png','https://elproveedor.com.ar/wp-content/uploads/productos/200x200/1012883.png',269.460,'1','1','2023-02-15 10:49:53',NULL),(1282,1,3,'1013868','Masticable Sapito Manzana 24x13g','Masticable Sapito Manzana 24x13g  - 24 unidades por bulto (Arcor - Caramelos)',24,'https://elproveedor.com.ar/wp-content/uploads/productos/1013868.png','https://elproveedor.com.ar/wp-content/uploads/productos/200x200/1013868.png',545.370,'1','1','2023-02-15 10:49:53',NULL),(1283,4,3,'535','Masticable x 670g Donga','Masticable x 670g Donga  - 10 unidades por bulto (Lheritier  - Caramelos)',10,'https://elproveedor.com.ar/wp-content/uploads/productos/535.png','https://elproveedor.com.ar/wp-content/uploads/productos/200x200/535.png',654.200,'1','1','2023-02-15 10:49:53',NULL),(1284,4,3,'779','Masticable x 670g Yogurt','Masticable x 670g Yogurt  - 10 unidades por bulto (Lheritier  - Caramelos)',10,'https://elproveedor.com.ar/wp-content/uploads/productos/779.png','https://elproveedor.com.ar/wp-content/uploads/productos/200x200/779.png',680.200,'1','1','2023-02-15 10:49:53',NULL),(1285,1,3,'1001551','Medallon Misky x 810g Fruta','Medallon Misky x 810g Fruta  - 6 unidades por bulto (Arcor - Caramelos)',6,'https://elproveedor.com.ar/wp-content/uploads/productos/1001551.png','https://elproveedor.com.ar/wp-content/uploads/productos/200x200/1001551.png',757.530,'1','1','2023-02-15 10:49:53',NULL),(1286,1,3,'1001840','Misky Toffes x 648g Chocolate','Misky Toffes x 648g Chocolate  - 8 unidades por bulto (Arcor - Caramelos)',8,'https://elproveedor.com.ar/wp-content/uploads/productos/1001840.png','https://elproveedor.com.ar/wp-content/uploads/productos/200x200/1001840.png',645.520,'1','1','2023-02-15 10:49:53',NULL),(1287,1,3,'1001841','Misky Toffes x 648g Leche','Misky Toffes x 648g Leche  - 8 unidades por bulto (Arcor - Caramelos)',8,'https://elproveedor.com.ar/wp-content/uploads/productos/1001841.png','https://elproveedor.com.ar/wp-content/uploads/productos/200x200/1001841.png',645.520,'1','1','2023-02-15 10:49:53',NULL),(1288,1,3,'1013968','Sugus Max x112,5g Sandia','Sugus Max x112,5g Sandia  - 18 unidades por bulto (Arcor - Caramelos)',18,'https://elproveedor.com.ar/wp-content/uploads/productos/1013968.png','https://elproveedor.com.ar/wp-content/uploads/productos/200x200/1013968.png',215.800,'1','1','2023-02-15 10:49:53',NULL),(1289,1,4,'1013092','Frutigelatin Saurios 12 x 25g','Frutigelatin Saurios 12 x 25g  - 12 unidades por bulto (Arcor - Caramelos de Goma)',12,'https://elproveedor.com.ar/wp-content/uploads/productos/1013092.png','https://elproveedor.com.ar/wp-content/uploads/productos/200x200/1013092.png',436.280,'1','1','2023-02-15 10:49:53',NULL),(1290,1,4,'1013259','Gomitas Fantasia Misky  12 x 30g','Gomitas Fantasia Misky  12 x 30g  - 12 unidades por bulto (Arcor - Caramelos de Goma)',12,'https://elproveedor.com.ar/wp-content/uploads/productos/1013259.png','https://elproveedor.com.ar/wp-content/uploads/productos/200x200/1013259.png',520.520,'1','1','2023-02-15 10:49:53',NULL),(1291,1,4,'1011717','Misky Roll x 12u','Misky Roll x 12u  - 24 unidades por bulto (Arcor - Caramelos de Goma)',24,'https://elproveedor.com.ar/wp-content/uploads/productos/1011717.png','https://elproveedor.com.ar/wp-content/uploads/productos/200x200/1011717.png',447.090,'1','1','2023-02-15 10:49:53',NULL),(1292,4,7,'301042','Cartuchera Pico Dulce x 10u','Cartuchera Pico Dulce x 10u  - 12 unidades por bulto (Lheritier  - Chupetines)',12,'https://elproveedor.com.ar/wp-content/uploads/productos/301042.png','https://elproveedor.com.ar/wp-content/uploads/productos/200x200/301042.png',422.100,'0','1','2023-02-15 10:49:53',NULL),(1293,4,7,'441','Chupetin Baby Doll x 18u','Chupetin Baby Doll x 18u  - 16 unidades por bulto (Lheritier  - Chupetines)',16,'https://elproveedor.com.ar/wp-content/uploads/productos/441.png','https://elproveedor.com.ar/wp-content/uploads/productos/200x200/441.png',1569.400,'1','1','2023-02-15 10:49:53',NULL),(1294,4,7,'301004','Chupetin BabyDoll Sorpresa 12 x 3u','Chupetin BabyDoll Sorpresa 12 x 3u  - 16 unidades por bulto (Lheritier  - Chupetines)',16,'https://elproveedor.com.ar/wp-content/uploads/productos/301004.png','https://elproveedor.com.ar/wp-content/uploads/productos/200x200/301004.png',1885.000,'1','1','2023-02-15 10:49:53',NULL),(1295,4,7,'301016','Chupetin Bola Loca 24x16g DDL','Chupetin Bola Loca 24x16g DDL  - 12 unidades por bulto (Lheritier  - Chupetines)',12,'https://elproveedor.com.ar/wp-content/uploads/productos/301016.png','https://elproveedor.com.ar/wp-content/uploads/productos/200x200/301016.png',405.500,'1','1','2023-02-15 10:49:53',NULL),(1296,4,7,'300810','Chupetin Bola Loca 24x16g Frutilla','Chupetin Bola Loca 24x16g Frutilla  - 12 unidades por bulto (Lheritier  - Chupetines)',12,'https://elproveedor.com.ar/wp-content/uploads/productos/300810.png','https://elproveedor.com.ar/wp-content/uploads/productos/200x200/300810.png',405.500,'1','1','2023-02-15 10:49:53',NULL),(1297,4,7,'300351','Chupetin Bola Loca 24x18g Boca Junior','Chupetin Bola Loca 24x18g Boca Junior  - 12 unidades por bulto (Lheritier  - Chupetines)',12,'https://elproveedor.com.ar/wp-content/uploads/productos/300351.png','https://elproveedor.com.ar/wp-content/uploads/productos/200x200/300351.png',477.300,'1','1','2023-02-15 10:49:53',NULL),(1298,4,7,'300448','Chupetin Bola Loca 24x18g Max','Chupetin Bola Loca 24x18g Max  - 12 unidades por bulto (Lheritier  - Chupetines)',12,'https://elproveedor.com.ar/wp-content/uploads/productos/300448.png','https://elproveedor.com.ar/wp-content/uploads/productos/200x200/300448.png',477.300,'1','1','2023-02-15 10:49:53',NULL),(1299,4,7,'300352','Chupetin Bola Loca 24x18g Loca River Plate','Chupetin Bola Loca 24x18g Loca River Plate  - 12 unidades por bulto (Lheritier  - Chupetines)',12,'https://elproveedor.com.ar/wp-content/uploads/productos/300352.png','https://elproveedor.com.ar/wp-content/uploads/productos/200x200/300352.png',477.300,'1','1','2023-02-15 10:49:53',NULL),(1300,4,7,'300943','Chupetin cebollita Futbol x 40u Anana, Uva','Chupetin cebollita Futbol x 40u Anana, Uva  - 24 unidades por bulto (Lheritier  - Chupetines)',24,'https://elproveedor.com.ar/wp-content/uploads/productos/300943.png','https://elproveedor.com.ar/wp-content/uploads/productos/200x200/300943.png',239.300,'1','1','2023-02-15 10:49:53',NULL),(1301,4,7,'300941','Chupetin cebollita Futbol x 40u Cer, Nar, Manz','Chupetin cebollita Futbol x 40u Cer, Nar, Manz  - 24 unidades por bulto (Lheritier  - Chupetines)',24,'https://elproveedor.com.ar/wp-content/uploads/productos/300941.png','https://elproveedor.com.ar/wp-content/uploads/productos/200x200/300941.png',239.300,'0','0','2023-02-15 10:49:53',NULL),(1302,4,7,'300945','Chupetin cebollita Futbol x 40u DDL','Chupetin cebollita Futbol x 40u DDL  - 24 unidades por bulto (Lheritier  - Chupetines)',24,'https://elproveedor.com.ar/wp-content/uploads/productos/300945.png','https://elproveedor.com.ar/wp-content/uploads/productos/200x200/300945.png',239.300,'1','1','2023-02-15 10:49:53',NULL),(1303,4,7,'121','Chupetin Chupetoncito 12x35g','Chupetin Chupetoncito 12x35g  - 12 unidades por bulto (Lheritier  - Chupetines)',12,'https://elproveedor.com.ar/wp-content/uploads/productos/121.png','https://elproveedor.com.ar/wp-content/uploads/productos/200x200/121.png',1129.200,'1','1','2023-02-15 10:49:53',NULL),(1304,1,7,'1007903','Chupetin Cosmos  x 40un  Frutal','Chupetin Cosmos  x 40un  Frutal  - 14 unidades por bulto (Arcor - Chupetines)',14,'https://elproveedor.com.ar/wp-content/uploads/productos/1007903.png','https://elproveedor.com.ar/wp-content/uploads/productos/200x200/1007903.png',522.912,'1','1','2023-02-15 10:49:53',NULL),(1305,4,7,'301015','Chupetin masticable Baby Doll x 40u Cereza','Chupetin masticable Baby Doll x 40u Cereza  - 12 unidades por bulto (Lheritier  - Chupetines)',12,'https://elproveedor.com.ar/wp-content/uploads/productos/301015.png','https://elproveedor.com.ar/wp-content/uploads/productos/200x200/301015.png',554.300,'1','1','2023-02-15 10:49:53',NULL),(1306,4,7,'45','Chupetin Pelotita x 50u  Frutal','Chupetin Pelotita x 50u  Frutal  - 12 unidades por bulto (Lheritier  - Chupetines)',12,'https://elproveedor.com.ar/wp-content/uploads/productos/45.png','https://elproveedor.com.ar/wp-content/uploads/productos/200x200/45.png',382.600,'1','1','2023-02-15 10:49:53',NULL),(1307,4,7,'300280','Chupetin Pelotita x 50u DDL','Chupetin Pelotita x 50u DDL  - 12 unidades por bulto (Lheritier  - Chupetines)',12,'https://elproveedor.com.ar/wp-content/uploads/productos/300280.png','https://elproveedor.com.ar/wp-content/uploads/productos/200x200/300280.png',382.600,'1','1','2023-02-15 10:49:53',NULL),(1308,4,7,'300572','Chupetin Pelotita x 50u DUO','Chupetin Pelotita x 50u DUO  - 12 unidades por bulto (Lheritier  - Chupetines)',12,'https://elproveedor.com.ar/wp-content/uploads/productos/300572.png','https://elproveedor.com.ar/wp-content/uploads/productos/200x200/300572.png',382.600,'1','1','2023-02-15 10:49:53',NULL),(1309,4,7,'300840','Chupetin Pelotita x 50u Pinta Lengua','Chupetin Pelotita x 50u Pinta Lengua  - 12 unidades por bulto (Lheritier  - Chupetines)',12,'https://elproveedor.com.ar/wp-content/uploads/productos/300840.png','https://elproveedor.com.ar/wp-content/uploads/productos/200x200/300840.png',382.600,'1','1','2023-02-15 10:49:53',NULL),(1310,4,7,'454','Chupetin Pico Dulce blisters 5 x 14g','Chupetin Pico Dulce blisters 5 x 14g  - 18 unidades por bulto (Lheritier  - Chupetines)',18,'https://elproveedor.com.ar/wp-content/uploads/productos/454.png','https://elproveedor.com.ar/wp-content/uploads/productos/200x200/454.png',180.400,'1','1','2023-02-15 10:49:53',NULL),(1311,4,7,'300687','Chupetin Pico Dulce Caja x 24u','Chupetin Pico Dulce Caja x 24u  - 12 unidades por bulto (Lheritier  - Chupetines)',12,'https://elproveedor.com.ar/wp-content/uploads/productos/300687.png','https://elproveedor.com.ar/wp-content/uploads/productos/200x200/300687.png',607.100,'0','1','2023-02-15 10:49:53',NULL),(1312,4,7,'111','Chupetin Pico Dulce Pote x 48u','Chupetin Pico Dulce Pote x 48u  - 12 unidades por bulto (Lheritier  - Chupetines)',12,'https://elproveedor.com.ar/wp-content/uploads/productos/111.png','https://elproveedor.com.ar/wp-content/uploads/productos/200x200/111.png',1210.400,'1','1','2023-02-15 10:49:53',NULL),(1313,4,7,'55','Chupetin Pico Dulce Pote x 48u Night','Chupetin Pico Dulce Pote x 48u Night  - 12 unidades por bulto (Lheritier  - Chupetines)',12,'https://elproveedor.com.ar/wp-content/uploads/productos/55.png','https://elproveedor.com.ar/wp-content/uploads/productos/200x200/55.png',1210.400,'1','1','2023-02-15 10:49:53',NULL),(1314,4,7,'300255','Chupetin Pito Pito  x 24u Frutal','Chupetin Pito Pito  x 24u Frutal  - 12 unidades por bulto (Lheritier  - Chupetines)',12,'https://elproveedor.com.ar/wp-content/uploads/productos/300255.png','https://elproveedor.com.ar/wp-content/uploads/productos/200x200/300255.png',577.100,'1','1','2023-02-15 10:49:53',NULL),(1315,4,7,'300963','Vaso Pico Dulce x10u','Vaso Pico Dulce x10u  - 10 unidades por bulto (Lheritier  - Chupetines)',10,'https://elproveedor.com.ar/wp-content/uploads/productos/300963.png','https://elproveedor.com.ar/wp-content/uploads/productos/200x200/300963.png',487.300,'1','1','2023-02-15 10:49:53',NULL),(1316,11,14,'413','Mentitas 12 x 26g Banana','Mentitas 12 x 26g Banana  - 12 unidades por bulto (Sweet - Pastillas)',12,'https://elproveedor.com.ar/wp-content/uploads/productos/413.png','https://elproveedor.com.ar/wp-content/uploads/productos/200x200/413.png',488.700,'1','1','2023-02-15 10:49:53',NULL),(1317,11,14,'412','Mentitas 12 x 26g Frutal','Mentitas 12 x 26g Frutal  - 12 unidades por bulto (Sweet - Pastillas)',12,'https://elproveedor.com.ar/wp-content/uploads/productos/412.png','https://elproveedor.com.ar/wp-content/uploads/productos/200x200/412.png',488.700,'1','1','2023-02-15 10:49:53',NULL),(1318,11,14,'400','Mentitas 12 x 26g Menta','Mentitas 12 x 26g Menta  - 12 unidades por bulto (Sweet - Pastillas)',12,'https://elproveedor.com.ar/wp-content/uploads/productos/400.png','https://elproveedor.com.ar/wp-content/uploads/productos/200x200/400.png',488.700,'1','1','2023-02-15 10:49:53',NULL),(1319,11,14,'415','Mentitas 12 x 26g Tutti Frutti','Mentitas 12 x 26g Tutti Frutti  - 12 unidades por bulto (Sweet - Pastillas)',12,'https://elproveedor.com.ar/wp-content/uploads/productos/415.png','https://elproveedor.com.ar/wp-content/uploads/productos/200x200/415.png',488.700,'1','1','2023-02-15 10:49:53',NULL),(1320,1,14,'1013651','Sugus Agrupado Max Frutilla x12un ','Sugus Agrupado Max Frutilla x12un   - 12 unidades por bulto (Arcor - Pastillas)',12,'https://elproveedor.com.ar/wp-content/uploads/productos/1013651.png','https://elproveedor.com.ar/wp-content/uploads/productos/200x200/1013651.png',496.490,'1','1','2023-02-15 10:49:53',NULL),(1321,1,14,'1013652','Sugus Agrupado Max Anana x12un ','Sugus Agrupado Max Anana x12un   - 12 unidades por bulto (Arcor - Pastillas)',12,'https://elproveedor.com.ar/wp-content/uploads/productos/1013652.png','https://elproveedor.com.ar/wp-content/uploads/productos/200x200/1013652.png',496.490,'1','1','2023-02-15 10:49:53',NULL),(1322,2,14,'2330','Pastilla Refresco Clasico 12 x 27g Eucalipto y M.','Pastilla Refresco Clasico 12 x 27g Eucalipto y M.  - 12 unidades por bulto (Felfort - Pastillas)',12,'https://elproveedor.com.ar/wp-content/uploads/productos/2330.png','https://elproveedor.com.ar/wp-content/uploads/productos/200x200/2330.png',672.400,'1','1','2023-02-15 10:49:53',NULL),(1323,2,14,'2328','Pastilla Refresco Clasico 12 x 27g Naranja y M.','Pastilla Refresco Clasico 12 x 27g Naranja y M.  - 12 unidades por bulto (Felfort - Pastillas)',12,'https://elproveedor.com.ar/wp-content/uploads/productos/2328.png','https://elproveedor.com.ar/wp-content/uploads/productos/200x200/2328.png',672.400,'1','1','2023-02-15 10:49:53',NULL),(1324,2,14,'2326','Pastilla Refresco Clasico 12 x 27g Tutti y M.','Pastilla Refresco Clasico 12 x 27g Tutti y M.  - 12 unidades por bulto (Felfort - Pastillas)',12,'https://elproveedor.com.ar/wp-content/uploads/productos/2326.png','https://elproveedor.com.ar/wp-content/uploads/productos/200x200/2326.png',672.400,'1','1','2023-02-15 10:49:53',NULL),(1325,11,14,'3408','Pastillas BullDog acidas 12 x 30g Mandarina','Pastillas BullDog acidas 12 x 30g Mandarina  - 12 unidades por bulto (Sweet - Pastillas)',12,'https://elproveedor.com.ar/wp-content/uploads/productos/3408.png','https://elproveedor.com.ar/wp-content/uploads/productos/200x200/3408.png',608.700,'1','1','2023-02-15 10:49:53',NULL),(1326,11,14,'3401','Pastillas BullDog acidas 12 x 30g Manzana','Pastillas BullDog acidas 12 x 30g Manzana  - 12 unidades por bulto (Sweet - Pastillas)',12,'https://elproveedor.com.ar/wp-content/uploads/productos/3401.png','https://elproveedor.com.ar/wp-content/uploads/productos/200x200/3401.png',608.700,'0','0','2023-02-15 10:49:53',NULL),(1327,11,14,'3433','Pastillas BullDog acidas 12 x 30g Sand Manzana','Pastillas BullDog acidas 12 x 30g Sand Manzana  - 12 unidades por bulto (Sweet - Pastillas)',12,'https://elproveedor.com.ar/wp-content/uploads/productos/3433.png','https://elproveedor.com.ar/wp-content/uploads/productos/200x200/3433.png',608.700,'1','1','2023-02-15 10:49:53',NULL),(1328,11,14,'3403','Pastillas BullDog acidas 12 x 30g Tutti Frutti','Pastillas BullDog acidas 12 x 30g Tutti Frutti  - 12 unidades por bulto (Sweet - Pastillas)',12,'https://elproveedor.com.ar/wp-content/uploads/productos/3403.png','https://elproveedor.com.ar/wp-content/uploads/productos/200x200/3403.png',608.700,'1','1','2023-02-15 10:49:53',NULL),(1329,11,14,'3409','Pastillas BullDog acidas 12 x 30g Uva','Pastillas BullDog acidas 12 x 30g Uva  - 12 unidades por bulto (Sweet - Pastillas)',12,'https://elproveedor.com.ar/wp-content/uploads/productos/3409.png','https://elproveedor.com.ar/wp-content/uploads/productos/200x200/3409.png',608.700,'1','1','2023-02-15 10:49:53',NULL),(1330,11,5,'590192','Chicle Open Fierita Recargado x 50u Banana','Chicle Open Fierita Recargado x 50u Banana  - 18 unidades por bulto (Sweet - Chicles)',18,'https://elproveedor.com.ar/wp-content/uploads/productos/590192.png','https://elproveedor.com.ar/wp-content/uploads/productos/200x200/590192.png',432.200,'0','1','2023-02-15 10:49:53','2023-03-09 12:55:20'),(1331,11,5,'594770','Chicle Open Fierita Recargado x 50u Cola','Chicle Open Fierita Recargado x 50u Cola  - 18 unidades por bulto (Sweet - Chicles)',18,'https://elproveedor.com.ar/wp-content/uploads/productos/594770.png','https://elproveedor.com.ar/wp-content/uploads/productos/200x200/594770.png',432.200,'0','1','2023-02-15 10:49:53',NULL),(1332,11,5,'590185','Chicle Open Fierita Recargado x 50u Frutilla','Chicle Open Fierita Recargado x 50u Frutilla  - 18 unidades por bulto (Sweet - Chicles)',18,'https://elproveedor.com.ar/wp-content/uploads/productos/590185.png','https://elproveedor.com.ar/wp-content/uploads/productos/200x200/590185.png',432.200,'0','1','2023-02-15 10:49:53','2023-03-09 16:46:09'),(1333,11,5,'594916','Chicle Open Fierita Recargado x50u Mundial','Chicle Open Fierita Recargado x50u Mundial  - 18 unidades por bulto (Sweet - Chicles)',18,'https://elproveedor.com.ar/wp-content/uploads/productos/594916.png','https://elproveedor.com.ar/wp-content/uploads/productos/200x200/594916.png',432.200,'0','1','2023-02-15 10:49:53',NULL),(1334,11,5,'592417','Chicle Open Fierita x 100u Banana','Chicle Open Fierita x 100u Banana  - 18 unidades por bulto (Sweet - Chicles)',18,'https://elproveedor.com.ar/wp-content/uploads/productos/592417.png','https://elproveedor.com.ar/wp-content/uploads/productos/200x200/592417.png',436.500,'0','1','2023-02-15 10:49:53',NULL),(1335,11,5,'590147','Chicle Open Fierita x 100u Frutilla','Chicle Open Fierita x 100u Frutilla  - 18 unidades por bulto (Sweet - Chicles)',18,'https://elproveedor.com.ar/wp-content/uploads/productos/590147.png','https://elproveedor.com.ar/wp-content/uploads/productos/200x200/590147.png',436.500,'0','1','2023-02-15 10:49:53',NULL),(1336,11,5,'592387','Chicle Open Fierita x 100u Menta','Chicle Open Fierita x 100u Menta  - 18 unidades por bulto (Sweet - Chicles)',18,'https://elproveedor.com.ar/wp-content/uploads/productos/592387.png','https://elproveedor.com.ar/wp-content/uploads/productos/200x200/592387.png',436.500,'0','1','2023-02-15 10:49:53',NULL),(1337,11,5,'592370','Chicle Open Fierita x 100u Tutti Frutti','Chicle Open Fierita x 100u Tutti Frutti  - 18 unidades por bulto (Sweet - Chicles)',18,'https://elproveedor.com.ar/wp-content/uploads/productos/592370.png','https://elproveedor.com.ar/wp-content/uploads/productos/200x200/592370.png',436.500,'0','1','2023-02-15 10:49:53',NULL),(1338,11,5,'592400','Chicle Open Fierita x 100u Uva','Chicle Open Fierita x 100u Uva  - 18 unidades por bulto (Sweet - Chicles)',18,'https://elproveedor.com.ar/wp-content/uploads/productos/592400.png','https://elproveedor.com.ar/wp-content/uploads/productos/200x200/592400.png',435.500,'0','0','2023-02-15 10:49:53',NULL),(1339,4,5,'300776','Chicle Pico Dulce x 80u Menta','Chicle Pico Dulce x 80u Menta  - 12 unidades por bulto (Lheritier  - Chicles)',12,'https://elproveedor.com.ar/wp-content/uploads/productos/300776.png','https://elproveedor.com.ar/wp-content/uploads/productos/200x200/300776.png',703.400,'0','1','2023-02-15 10:49:53',NULL),(1340,4,5,'300741','Chicle Pico Dulce x 80u Tutti Frutti','Chicle Pico Dulce x 80u Tutti Frutti  - 12 unidades por bulto (Lheritier  - Chicles)',12,'https://elproveedor.com.ar/wp-content/uploads/productos/300741.png','https://elproveedor.com.ar/wp-content/uploads/productos/200x200/300741.png',703.400,'0','1','2023-02-15 10:49:53',NULL),(1341,4,5,'300997','Chicle plop  x 100u Banana','Chicle plop  x 100u Banana  - 12 unidades por bulto (Lheritier  - Chicles)',12,'https://elproveedor.com.ar/wp-content/uploads/productos/300997.png','https://elproveedor.com.ar/wp-content/uploads/productos/200x200/300997.png',402.500,'0','1','2023-02-15 10:49:53',NULL),(1342,4,5,'300885','Chicle plop  x 100u Menta','Chicle plop  x 100u Menta  - 12 unidades por bulto (Lheritier  - Chicles)',12,'https://elproveedor.com.ar/wp-content/uploads/productos/300885.png','https://elproveedor.com.ar/wp-content/uploads/productos/200x200/300885.png',402.500,'0','1','2023-02-15 10:49:53',NULL),(1343,4,5,'300896','Chicle plop  x 100u Tutti Frutti','Chicle plop  x 100u Tutti Frutti  - 12 unidades por bulto (Lheritier  - Chicles)',12,'https://elproveedor.com.ar/wp-content/uploads/productos/300896.png','https://elproveedor.com.ar/wp-content/uploads/productos/200x200/300896.png',402.500,'0','1','2023-02-15 10:49:53',NULL),(1344,4,5,'301030','Chicle plop  x 100u Uva','Chicle plop  x 100u Uva  - 12 unidades por bulto (Lheritier  - Chicles)',12,'https://elproveedor.com.ar/wp-content/uploads/productos/301030.png','https://elproveedor.com.ar/wp-content/uploads/productos/200x200/301030.png',402.500,'0','0','2023-02-15 10:49:53',NULL),(1345,2,6,'840','Bananina Felfort 30 x 15g','Bananina Felfort 30 x 15g  - 12 unidades por bulto (Felfort - Chocolates)',12,'https://elproveedor.com.ar/wp-content/uploads/productos/840.png','https://elproveedor.com.ar/wp-content/uploads/productos/200x200/840.png',1880.100,'0','1','2023-02-15 10:49:53',NULL),(1346,2,6,'845','Bananina Split Felfort 30 x 20g','Bananina Split Felfort 30 x 20g  - 12 unidades por bulto (Felfort - Chocolates)',12,'https://elproveedor.com.ar/wp-content/uploads/productos/845.png','https://elproveedor.com.ar/wp-content/uploads/productos/200x200/845.png',1880.100,'0','1','2023-02-15 10:49:53',NULL),(1347,11,6,'21507','Bocadito Bell x450g','Bocadito Bell x450g  - 16 unidades por bulto (Sweet - Chocolates)',16,'https://elproveedor.com.ar/wp-content/uploads/productos/21507.png','https://elproveedor.com.ar/wp-content/uploads/productos/200x200/21507.png',996.800,'0','1','2023-02-15 10:49:53','2023-03-07 23:18:15'),(1348,2,6,'1680','Bocadito Delicia 48x10g','Bocadito Delicia 48x10g  - 12 unidades por bulto (Felfort - Chocolates)',12,'https://elproveedor.com.ar/wp-content/uploads/productos/1680.png','https://elproveedor.com.ar/wp-content/uploads/productos/200x200/1680.png',1656.900,'0','1','2023-02-15 10:49:53',NULL),(1349,2,6,'612','Bocadito Marroc 20 x 14g','Bocadito Marroc 20 x 14g  - 24 unidades por bulto (Felfort - Chocolates)',24,'https://elproveedor.com.ar/wp-content/uploads/productos/612.png','https://elproveedor.com.ar/wp-content/uploads/productos/200x200/612.png',1317.100,'0','1','2023-02-15 10:49:53',NULL),(1350,2,6,'830','Bocadito Mentitas 30 x 16g','Bocadito Mentitas 30 x 16g  - 12 unidades por bulto (Felfort - Chocolates)',12,'https://elproveedor.com.ar/wp-content/uploads/productos/830.png','https://elproveedor.com.ar/wp-content/uploads/productos/200x200/830.png',1970.500,'0','1','2023-02-15 10:49:53',NULL),(1351,2,6,'395','Bombon Clasico 70% Hexagonal  x 150g','Bombon Clasico 70% Hexagonal  x 150g  - 6 unidades por bulto (Felfort - Chocolates)',6,'https://elproveedor.com.ar/wp-content/uploads/productos/395.png','https://elproveedor.com.ar/wp-content/uploads/productos/200x200/395.png',1235.600,'0','0','2023-02-15 10:49:53',NULL),(1352,1,6,'1001571','Bombon Dancing x 425g','Bombon Dancing x 425g  - 8 unidades por bulto (Arcor - Chocolates)',8,'https://elproveedor.com.ar/wp-content/uploads/productos/1001571.png','https://elproveedor.com.ar/wp-content/uploads/productos/200x200/1001571.png',806.830,'0','1','2023-02-15 10:49:53',NULL),(1353,1,6,'1011918','Bombon Hamlet x 30u Negro','Bombon Hamlet x 30u Negro  - 12 unidades por bulto (Arcor - Chocolates)',12,'https://elproveedor.com.ar/wp-content/uploads/productos/1011918.png','https://elproveedor.com.ar/wp-content/uploads/productos/200x200/1011918.png',875.050,'0','1','2023-02-15 10:49:53',NULL),(1354,2,6,'388','Bombon Mentita Hexagonal x 150g','Bombon Mentita Hexagonal x 150g  - 6 unidades por bulto (Felfort - Chocolates)',6,'https://elproveedor.com.ar/wp-content/uploads/productos/388.png','https://elproveedor.com.ar/wp-content/uploads/productos/200x200/388.png',1059.900,'0','1','2023-02-15 10:49:53',NULL),(1355,7,6,'2040','Bombon Oblibon x 30u Blanco','Bombon Oblibon x 30u Blanco  - 12 unidades por bulto (Oblita - Chocolates)',12,'https://elproveedor.com.ar/wp-content/uploads/productos/2040.png','https://elproveedor.com.ar/wp-content/uploads/productos/200x200/2040.png',975.500,'0','1','2023-02-15 10:49:53',NULL),(1356,7,6,'2020','Bombon Oblibon x 30u Clasico','Bombon Oblibon x 30u Clasico  - 12 unidades por bulto (Oblita - Chocolates)',12,'https://elproveedor.com.ar/wp-content/uploads/productos/2020.png','https://elproveedor.com.ar/wp-content/uploads/productos/200x200/2020.png',975.500,'0','1','2023-02-15 10:49:53',NULL),(1357,7,6,'2090','Bombon Oblibon x 30u Crash','Bombon Oblibon x 30u Crash  - 12 unidades por bulto (Oblita - Chocolates)',12,'https://elproveedor.com.ar/wp-content/uploads/productos/2090.png','https://elproveedor.com.ar/wp-content/uploads/productos/200x200/2090.png',975.500,'0','1','2023-02-15 10:49:53',NULL),(1358,7,6,'2080','Bombon Oblibon x 30u Frutilla','Bombon Oblibon x 30u Frutilla  - 12 unidades por bulto (Oblita - Chocolates)',12,'https://elproveedor.com.ar/wp-content/uploads/productos/2080.png','https://elproveedor.com.ar/wp-content/uploads/productos/200x200/2080.png',975.500,'0','1','2023-02-15 10:49:53',NULL),(1359,7,6,'2060','Bombon Oblibon x 30u Granas','Bombon Oblibon x 30u Granas  - 12 unidades por bulto (Oblita - Chocolates)',12,'https://elproveedor.com.ar/wp-content/uploads/productos/2060.png','https://elproveedor.com.ar/wp-content/uploads/productos/200x200/2060.png',975.500,'0','1','2023-02-15 10:49:53',NULL),(1360,7,6,'2015','Bombon Oblibon x15u Mix ','Bombon Oblibon x15u Mix   - 20 unidades por bulto (Oblita - Chocolates)',20,'https://elproveedor.com.ar/wp-content/uploads/productos/2015.png','https://elproveedor.com.ar/wp-content/uploads/productos/200x200/2015.png',125.330,'0','1','2023-02-15 10:49:53','2023-03-07 18:41:48'),(1361,2,6,'387','Bombon Oro Hexagonal x 150g','Bombon Oro Hexagonal x 150g  - 6 unidades por bulto (Felfort - Chocolates)',6,'https://elproveedor.com.ar/wp-content/uploads/productos/387.png','https://elproveedor.com.ar/wp-content/uploads/productos/200x200/387.png',1059.900,'0','1','2023-02-15 10:49:53',NULL),(1362,1,6,'1001579','Bombon Surtido Especial x 300g','Bombon Surtido Especial x 300g  - 30 unidades por bulto (Arcor - Chocolates)',30,'https://elproveedor.com.ar/wp-content/uploads/productos/1001579.png','https://elproveedor.com.ar/wp-content/uploads/productos/200x200/1001579.png',544.540,'0','1','2023-02-15 10:49:53',NULL),(1363,2,6,'260','Bombonera Felicidades x 264g','Bombonera Felicidades x 264g  - 12 unidades por bulto (Felfort - Chocolates)',12,'https://elproveedor.com.ar/wp-content/uploads/productos/260.png','https://elproveedor.com.ar/wp-content/uploads/productos/200x200/260.png',1804.200,'0','1','2023-02-15 10:49:53',NULL),(1364,2,6,'265','Bombonera Lovers x 264g','Bombonera Lovers x 264g  - 12 unidades por bulto (Felfort - Chocolates)',12,'https://elproveedor.com.ar/wp-content/uploads/productos/265.png','https://elproveedor.com.ar/wp-content/uploads/productos/200x200/265.png',1804.200,'0','1','2023-02-15 10:49:53',NULL),(1365,2,6,'1470','Chocolate Clasico Fort 16 x 50g','Chocolate Clasico Fort 16 x 50g  - 8 unidades por bulto (Felfort - Chocolates)',8,'https://elproveedor.com.ar/wp-content/uploads/productos/1470.png','https://elproveedor.com.ar/wp-content/uploads/productos/200x200/1470.png',5175.100,'1','1','2023-02-15 10:49:53',NULL),(1366,2,6,'2004','Chocolate Fort Air 20 x 30g','Chocolate Fort Air 20 x 30g  - 12 unidades por bulto (Felfort - Chocolates)',12,'https://elproveedor.com.ar/wp-content/uploads/productos/2004.png','https://elproveedor.com.ar/wp-content/uploads/productos/200x200/2004.png',1891.800,'1','1','2023-02-15 10:49:53',NULL),(1367,2,6,'1331','Chocolate Fort Leche y Mani 12 x 30g','Chocolate Fort Leche y Mani 12 x 30g  - 8 unidades por bulto (Felfort - Chocolates)',8,'https://elproveedor.com.ar/wp-content/uploads/productos/1331.png','https://elproveedor.com.ar/wp-content/uploads/productos/200x200/1331.png',1115.800,'1','1','2023-02-15 10:49:53',NULL),(1368,2,6,'1509','Chocolate Jack Leche Emoji 20 x 14g Blanco','Chocolate Jack Leche Emoji 20 x 14g Blanco  - 12 unidades por bulto (Felfort - Chocolates)',12,'https://elproveedor.com.ar/wp-content/uploads/productos/1509.png','https://elproveedor.com.ar/wp-content/uploads/productos/200x200/1509.png',3334.300,'1','1','2023-02-15 10:49:53',NULL),(1369,2,6,'1508','Chocolate Jack Leche Emoji 20 x 14g Negro','Chocolate Jack Leche Emoji 20 x 14g Negro  - 12 unidades por bulto (Felfort - Chocolates)',12,'https://elproveedor.com.ar/wp-content/uploads/productos/1508.png','https://elproveedor.com.ar/wp-content/uploads/productos/200x200/1508.png',3334.300,'1','1','2023-02-15 10:49:53',NULL),(1370,2,6,'1439','Chocolate Leche y Mani 10 x 75g','Chocolate Leche y Mani 10 x 75g  - 8 unidades por bulto (Felfort - Chocolates)',8,'https://elproveedor.com.ar/wp-content/uploads/productos/1439.png','https://elproveedor.com.ar/wp-content/uploads/productos/200x200/1439.png',2923.100,'1','1','2023-02-15 10:49:53',NULL),(1371,1,6,'1003280','Chocolate Misky 21 x 50g Blanco','Chocolate Misky 21 x 50g Blanco  - 8 unidades por bulto (Arcor - Chocolates)',8,'https://elproveedor.com.ar/wp-content/uploads/productos/1003280.png','https://elproveedor.com.ar/wp-content/uploads/productos/200x200/1003280.png',3025.464,'1','1','2023-02-15 10:49:53',NULL),(1372,1,6,'1003279','Chocolate Misky 21 x 50g Negro','Chocolate Misky 21 x 50g Negro  - 8 unidades por bulto (Arcor - Chocolates)',8,'https://elproveedor.com.ar/wp-content/uploads/productos/1003279.png','https://elproveedor.com.ar/wp-content/uploads/productos/200x200/1003279.png',3025.464,'1','1','2023-02-15 10:49:53',NULL),(1373,1,6,'1007129','Chocolate misky 30 x 25g Blanco','Chocolate misky 30 x 25g Blanco  - 12 unidades por bulto (Arcor - Chocolates)',12,'https://elproveedor.com.ar/wp-content/uploads/productos/1007129.png','https://elproveedor.com.ar/wp-content/uploads/productos/200x200/1007129.png',2428.608,'0','1','2023-02-15 10:49:53',NULL),(1374,1,6,'1006127','Chocolate misky 30 x 25g Negro','Chocolate misky 30 x 25g Negro  - 12 unidades por bulto (Arcor - Chocolates)',12,'https://elproveedor.com.ar/wp-content/uploads/productos/1006127.png','https://elproveedor.com.ar/wp-content/uploads/productos/200x200/1006127.png',2428.608,'0','0','2023-02-15 10:49:53',NULL),(1375,1,6,'1003108','Chocolate para taza Misky 10 x 100g Familiar','Chocolate para taza Misky 10 x 100g Familiar  - 6 unidades por bulto (Arcor - Chocolates)',6,'https://elproveedor.com.ar/wp-content/uploads/productos/1003108.png','https://elproveedor.com.ar/wp-content/uploads/productos/200x200/1003108.png',1748.656,'1','1','2023-02-15 10:49:53',NULL),(1376,1,6,'1013094','Chocolatin Misky 20 x 8g Blanco','Chocolatin Misky 20 x 8g Blanco  - 40 unidades por bulto (Arcor - Chocolates)',40,'https://elproveedor.com.ar/wp-content/uploads/productos/1013094.png','https://elproveedor.com.ar/wp-content/uploads/productos/200x200/1013094.png',600.912,'1','1','2023-02-15 10:49:53',NULL),(1377,1,6,'1013095','Chocolatin Misky 20 x 8g Negro','Chocolatin Misky 20 x 8g Negro  - 40 unidades por bulto (Arcor - Chocolates)',40,'https://elproveedor.com.ar/wp-content/uploads/productos/1013095.png','https://elproveedor.com.ar/wp-content/uploads/productos/200x200/1013095.png',600.912,'1','1','2023-02-15 10:49:53',NULL),(1378,2,6,'9970','Chupelatin Felfort 32 x 15g','Chupelatin Felfort 32 x 15g  - 12 unidades por bulto (Felfort - Chocolates)',12,'https://elproveedor.com.ar/wp-content/uploads/productos/9970.png','https://elproveedor.com.ar/wp-content/uploads/productos/200x200/9970.png',2758.200,'1','1','2023-02-15 10:49:53',NULL),(1379,2,6,'985','Cubanito Dor 30x12g','Cubanito Dor 30x12g  - 12 unidades por bulto (Felfort - Chocolates)',12,'https://elproveedor.com.ar/wp-content/uploads/productos/985.png','https://elproveedor.com.ar/wp-content/uploads/productos/200x200/985.png',1385.700,'1','1','2023-02-15 10:49:53',NULL),(1380,2,6,'695','Cubanito Feeling 30x20g','Cubanito Feeling 30x20g  - 12 unidades por bulto (Felfort - Chocolates)',12,'https://elproveedor.com.ar/wp-content/uploads/productos/695.png','https://elproveedor.com.ar/wp-content/uploads/productos/200x200/695.png',2233.100,'1','1','2023-02-15 10:49:53',NULL),(1381,7,6,'1610','Cubanitos Oblita x 48u Chocolate','Cubanitos Oblita x 48u Chocolate  - 16 unidades por bulto (Oblita - Chocolates)',16,'https://elproveedor.com.ar/wp-content/uploads/productos/1610.png','https://elproveedor.com.ar/wp-content/uploads/productos/200x200/1610.png',613.100,'1','1','2023-02-15 10:49:53',NULL),(1382,7,6,'1620','Cubanitos Oblita x 48u Chocolate Blanco','Cubanitos Oblita x 48u Chocolate Blanco  - 16 unidades por bulto (Oblita - Chocolates)',16,'https://elproveedor.com.ar/wp-content/uploads/productos/1620.png','https://elproveedor.com.ar/wp-content/uploads/productos/200x200/1620.png',613.100,'1','1','2023-02-15 10:49:53',NULL),(1383,7,6,'1615','Cubanitos Oblita x 48u Marroc','Cubanitos Oblita x 48u Marroc  - 16 unidades por bulto (Oblita - Chocolates)',16,'https://elproveedor.com.ar/wp-content/uploads/productos/1615.png','https://elproveedor.com.ar/wp-content/uploads/productos/200x200/1615.png',613.100,'1','1','2023-02-15 10:49:53',NULL),(1384,7,6,'1635','Cubanitos Oblita x 48u Nougat','Cubanitos Oblita x 48u Nougat  - 16 unidades por bulto (Oblita - Chocolates)',16,'https://elproveedor.com.ar/wp-content/uploads/productos/1635.png','https://elproveedor.com.ar/wp-content/uploads/productos/200x200/1635.png',613.100,'1','1','2023-02-15 10:49:53',NULL),(1385,2,6,'750','Dos Corazones 20 x 26g','Dos Corazones 20 x 26g  - 12 unidades por bulto (Felfort - Chocolates)',12,'https://elproveedor.com.ar/wp-content/uploads/productos/750.png','https://elproveedor.com.ar/wp-content/uploads/productos/200x200/750.png',1824.900,'0','0','2023-02-15 10:49:53',NULL),(1386,1,6,'1010146','Hamlet 21u x43g Almendras y Mani','Hamlet 21u x43g Almendras y Mani  - 8 unidades por bulto (Arcor - Chocolates)',8,'https://elproveedor.com.ar/wp-content/uploads/productos/1010146.png','https://elproveedor.com.ar/wp-content/uploads/productos/200x200/1010146.png',1378.104,'1','1','2023-02-15 10:49:53',NULL),(1387,1,6,'1004910','Hamlet 21u x43g Bicolor','Hamlet 21u x43g Bicolor  - 8 unidades por bulto (Arcor - Chocolates)',8,'https://elproveedor.com.ar/wp-content/uploads/productos/1004910.png','https://elproveedor.com.ar/wp-content/uploads/productos/200x200/1004910.png',1378.104,'1','1','2023-02-15 10:49:53',NULL),(1388,1,6,'1010149','Hamlet 21u x43g Blanco y cookies','Hamlet 21u x43g Blanco y cookies  - 8 unidades por bulto (Arcor - Chocolates)',8,'https://elproveedor.com.ar/wp-content/uploads/productos/1010149.png','https://elproveedor.com.ar/wp-content/uploads/productos/200x200/1010149.png',1378.104,'1','1','2023-02-15 10:49:53',NULL),(1389,1,6,'1010148','Hamlet 21u x43g Chocolatoso','Hamlet 21u x43g Chocolatoso  - 8 unidades por bulto (Arcor - Chocolates)',8,'https://elproveedor.com.ar/wp-content/uploads/productos/1010148.png','https://elproveedor.com.ar/wp-content/uploads/productos/200x200/1010148.png',1378.104,'1','1','2023-02-15 10:49:53',NULL),(1390,1,6,'1010147','Hamlet 21u x43g Leche y Cookies','Hamlet 21u x43g Leche y Cookies  - 8 unidades por bulto (Arcor - Chocolates)',8,'https://elproveedor.com.ar/wp-content/uploads/productos/1010147.png','https://elproveedor.com.ar/wp-content/uploads/productos/200x200/1010147.png',1378.104,'1','1','2023-02-15 10:49:53',NULL),(1391,1,6,'1010150','Hamlet 21u x43g Yogurt Frutilla','Hamlet 21u x43g Yogurt Frutilla  - 8 unidades por bulto (Arcor - Chocolates)',8,'https://elproveedor.com.ar/wp-content/uploads/productos/1010150.png','https://elproveedor.com.ar/wp-content/uploads/productos/200x200/1010150.png',1378.104,'1','1','2023-02-15 10:49:53',NULL),(1392,1,6,'1011592','Hamlet Megamani 18 x 165g','Hamlet Megamani 18 x 165g  - 2 unidades por bulto (Arcor - Chocolates)',2,'https://elproveedor.com.ar/wp-content/uploads/productos/1011592.png','https://elproveedor.com.ar/wp-content/uploads/productos/200x200/1011592.png',4210.128,'1','1','2023-02-15 10:49:53',NULL),(1393,1,6,'1010113','Hamlet Way 21 x 30g','Hamlet Way 21 x 30g  - 12 unidades por bulto (Arcor - Chocolates)',12,'https://elproveedor.com.ar/wp-content/uploads/productos/1010113.png','https://elproveedor.com.ar/wp-content/uploads/productos/200x200/1010113.png',1002.560,'1','1','2023-02-15 10:49:53',NULL),(1394,2,6,'1536','Huevo Jack Emoji 10x14g','Huevo Jack Emoji 10x14g  - 1 unidades por bulto (Felfort - Chocolates)',1,'https://elproveedor.com.ar/wp-content/uploads/productos/1536.png','https://elproveedor.com.ar/wp-content/uploads/productos/200x200/1536.png',2511.700,'1','1','2023-02-15 10:49:53',NULL),(1395,1,6,'1012069','Huevo Sapito confite 12 x 28g','Huevo Sapito confite 12 x 28g  - 8 unidades por bulto (Arcor - Chocolates)',8,'https://elproveedor.com.ar/wp-content/uploads/productos/1012069.png','https://elproveedor.com.ar/wp-content/uploads/productos/200x200/1012069.png',1162.512,'1','1','2023-02-15 10:49:53',NULL),(1396,2,6,'931','Licorfort Cherry 30 x 13g','Licorfort Cherry 30 x 13g  - 12 unidades por bulto (Felfort - Chocolates)',12,'https://elproveedor.com.ar/wp-content/uploads/productos/931.png','https://elproveedor.com.ar/wp-content/uploads/productos/200x200/931.png',1902.100,'1','1','2023-02-15 10:49:53',NULL),(1397,2,6,'730','Licoritas 25 x 20g','Licoritas 25 x 20g  - 16 unidades por bulto (Felfort - Chocolates)',16,'https://elproveedor.com.ar/wp-content/uploads/productos/730.png','https://elproveedor.com.ar/wp-content/uploads/productos/200x200/730.png',2291.400,'1','1','2023-02-15 10:49:53',NULL),(1398,2,6,'1604','Monedas Felfort Emoji 60 x 5g','Monedas Felfort Emoji 60 x 5g  - 24 unidades por bulto (Felfort - Chocolates)',24,'https://elproveedor.com.ar/wp-content/uploads/productos/1604.png','https://elproveedor.com.ar/wp-content/uploads/productos/200x200/1604.png',1865.500,'1','1','2023-02-15 10:49:53',NULL),(1399,7,6,'1332','Oblea Bañada Oblibon x 20u Blanco','Oblea Bañada Oblibon x 20u Blanco  - 12 unidades por bulto (Oblita - Chocolates)',12,'https://elproveedor.com.ar/wp-content/uploads/productos/1332.png','https://elproveedor.com.ar/wp-content/uploads/productos/200x200/1332.png',1266.600,'1','1','2023-02-15 10:49:53',NULL),(1400,7,6,'1330','Oblea Bañada Oblibon x 20u Negro','Oblea Bañada Oblibon x 20u Negro  - 12 unidades por bulto (Oblita - Chocolates)',12,'https://elproveedor.com.ar/wp-content/uploads/productos/1330.png','https://elproveedor.com.ar/wp-content/uploads/productos/200x200/1330.png',1266.600,'1','1','2023-02-15 10:49:53',NULL),(1401,1,6,'1001291','Sapito 24 x 10g Chocolatoso','Sapito 24 x 10g Chocolatoso  - 8 unidades por bulto (Arcor - Chocolates)',8,'https://elproveedor.com.ar/wp-content/uploads/productos/1001291.png','https://elproveedor.com.ar/wp-content/uploads/productos/200x200/1001291.png',719.472,'1','1','2023-02-15 10:49:53',NULL),(1402,1,6,'1001272','Sapito 24 x 10g Frutilla','Sapito 24 x 10g Frutilla  - 8 unidades por bulto (Arcor - Chocolates)',8,'https://elproveedor.com.ar/wp-content/uploads/productos/1001272.png','https://elproveedor.com.ar/wp-content/uploads/productos/200x200/1001272.png',719.472,'1','1','2023-02-15 10:49:53',NULL),(1403,1,6,'1001271','Sapito 24 x 10g Mani','Sapito 24 x 10g Mani  - 8 unidades por bulto (Arcor - Chocolates)',8,'https://elproveedor.com.ar/wp-content/uploads/productos/1001271.png','https://elproveedor.com.ar/wp-content/uploads/productos/200x200/1001271.png',719.472,'1','1','2023-02-15 10:49:53',NULL),(1404,1,6,'1004043','Sapito Confite 24 x 15g','Sapito Confite 24 x 15g  - 8 unidades por bulto (Arcor - Chocolates)',8,'https://elproveedor.com.ar/wp-content/uploads/productos/1004043.png','https://elproveedor.com.ar/wp-content/uploads/productos/200x200/1004043.png',1051.544,'1','1','2023-02-15 10:49:53',NULL),(1405,12,18,'1070','Garrapiñada Tincho 20 x 50g','Garrapiñada Tincho 20 x 50g  - 10 unidades por bulto (Tincho - Confituras)',10,'https://elproveedor.com.ar/wp-content/uploads/productos/1070.png','https://elproveedor.com.ar/wp-content/uploads/productos/200x200/1070.png',753.700,'1','1','2023-02-15 10:49:53',NULL),(1406,12,18,'1071','Girasol Tincho 20 x 40g','Girasol Tincho 20 x 40g  - 10 unidades por bulto (Tincho - Confituras)',10,'https://elproveedor.com.ar/wp-content/uploads/productos/1071.png','https://elproveedor.com.ar/wp-content/uploads/productos/200x200/1071.png',753.700,'1','1','2023-02-15 10:49:53',NULL),(1407,12,18,'1072','Mani con Chocolate Tincho 20 x 50g','Mani con Chocolate Tincho 20 x 50g  - 10 unidades por bulto (Tincho - Confituras)',10,'https://elproveedor.com.ar/wp-content/uploads/productos/1072.png','https://elproveedor.com.ar/wp-content/uploads/productos/200x200/1072.png',753.700,'1','1','2023-02-15 10:49:53',NULL),(1408,4,15,'300990','Postre de Mani C/ croc de arroz 12 x 30g','Postre de Mani C/ croc de arroz 12 x 30g  - 12 unidades por bulto (Lheritier  - Postre de Mani)',12,'https://elproveedor.com.ar/wp-content/uploads/productos/300990.png','https://elproveedor.com.ar/wp-content/uploads/productos/200x200/300990.png',467.700,'1','1','2023-02-15 10:49:53',NULL),(1409,4,15,'300978','Postre de Mani Lheritier 56 x 30g','Postre de Mani Lheritier 56 x 30g  - 1 unidades por bulto (Lheritier  - Postre de Mani)',1,'https://elproveedor.com.ar/wp-content/uploads/productos/300978.png','https://elproveedor.com.ar/wp-content/uploads/productos/200x200/300978.png',2104.300,'1','1','2023-02-15 10:49:53',NULL),(1410,4,15,'300980','Postre de Mani Lheritier  x 100g','Postre de Mani Lheritier  x 100g  - 40 unidades por bulto (Lheritier  - Postre de Mani)',40,'https://elproveedor.com.ar/wp-content/uploads/productos/300980.png','https://elproveedor.com.ar/wp-content/uploads/productos/200x200/300980.png',118.600,'1','1','2023-02-15 10:49:53',NULL),(1411,4,15,'300869','Postre de Mani Lheritier x 150g','Postre de Mani Lheritier x 150g  - 30 unidades por bulto (Lheritier  - Postre de Mani)',30,'https://elproveedor.com.ar/wp-content/uploads/productos/300869.png','https://elproveedor.com.ar/wp-content/uploads/productos/200x200/300869.png',234.900,'1','1','2023-02-15 10:49:53',NULL),(1412,4,15,'300895','Postre de Mani Lheritier x 200g','Postre de Mani Lheritier x 200g  - 24 unidades por bulto (Lheritier  - Postre de Mani)',24,'https://elproveedor.com.ar/wp-content/uploads/productos/300895.png','https://elproveedor.com.ar/wp-content/uploads/productos/200x200/300895.png',310.900,'1','1','2023-02-15 10:49:53',NULL),(1413,8,17,'33535','Pilas Alcalinas Philco AAA x16un','Pilas Alcalinas Philco AAA x16un  - 45 unidades por bulto (Philco  - Varios)',45,'https://elproveedor.com.ar/wp-content/uploads/productos/33535.png','https://elproveedor.com.ar/wp-content/uploads/productos/200x200/33535.png',1777.300,'1','1','2023-02-15 10:49:53',NULL),(1414,4,13,'300930','Salsa Lheritier x 200g Frutos Rojos','Salsa Lheritier x 200g Frutos Rojos  - 6 unidades por bulto (Lheritier  - Materia Prima y Salsas)',6,'https://elproveedor.com.ar/wp-content/uploads/productos/300930.png','https://elproveedor.com.ar/wp-content/uploads/productos/200x200/300930.png',214.100,'1','1','2023-02-15 10:49:53',NULL),(1415,4,13,'300931','Salsa Lheritier x 200g Tutti Frutti','Salsa Lheritier x 200g Tutti Frutti  - 6 unidades por bulto (Lheritier  - Materia Prima y Salsas)',6,'https://elproveedor.com.ar/wp-content/uploads/productos/300931.png','https://elproveedor.com.ar/wp-content/uploads/productos/200x200/300931.png',214.100,'1','1','2023-02-15 10:49:53',NULL),(1416,4,13,'300936','Salsa Lheritier x 500g Frutos Rojos','Salsa Lheritier x 500g Frutos Rojos  - 6 unidades por bulto (Lheritier  - Materia Prima y Salsas)',6,'https://elproveedor.com.ar/wp-content/uploads/productos/300936.png','https://elproveedor.com.ar/wp-content/uploads/productos/200x200/300936.png',380.700,'1','1','2023-02-15 10:49:53',NULL),(1417,4,13,'300937','Salsa Lheritier x 500g Tutti Frutti','Salsa Lheritier x 500g Tutti Frutti  - 6 unidades por bulto (Lheritier  - Materia Prima y Salsas)',6,'https://elproveedor.com.ar/wp-content/uploads/productos/300937.png','https://elproveedor.com.ar/wp-content/uploads/productos/200x200/300937.png',380.700,'1','1','2023-02-15 10:49:53',NULL),(1418,2,2,'909','Cerealfort Lady 24x19g','Cerealfort Lady 24x19g  - 8 unidades por bulto (Felfort - Barras de Cereal)',8,'https://elproveedor.com.ar/wp-content/uploads/productos/909.png','https://elproveedor.com.ar/wp-content/uploads/productos/200x200/909.png',1671.200,'0','0','2023-02-15 10:49:53',NULL),(1419,2,2,'920','Cerealfort Flekos  24 x 21g','Cerealfort Flekos  24 x 21g  - 8 unidades por bulto (Felfort - Barras de Cereal)',8,'https://elproveedor.com.ar/wp-content/uploads/productos/920.png','https://elproveedor.com.ar/wp-content/uploads/productos/200x200/920.png',1671.200,'0','1','2023-02-15 10:49:53',NULL),(1420,2,2,'903','Cerealfort Gran Rico 24x23g','Cerealfort Gran Rico 24x23g  - 8 unidades por bulto (Felfort - Barras de Cereal)',8,'https://elproveedor.com.ar/wp-content/uploads/productos/903.png','https://elproveedor.com.ar/wp-content/uploads/productos/200x200/903.png',1671.200,'0','0','2023-02-15 10:49:53',NULL),(1421,2,2,'907','Cerealfort Croco 24x23xg','Cerealfort Croco 24x23xg  - 8 unidades por bulto (Felfort - Barras de Cereal)',8,'https://elproveedor.com.ar/wp-content/uploads/productos/907.png','https://elproveedor.com.ar/wp-content/uploads/productos/200x200/907.png',1671.200,'0','0','2023-02-15 10:49:53',NULL),(1422,2,2,'901','Cerealfort Nutri 24x23g','Cerealfort Nutri 24x23g  - 8 unidades por bulto (Felfort - Barras de Cereal)',8,'https://elproveedor.com.ar/wp-content/uploads/productos/901.png','https://elproveedor.com.ar/wp-content/uploads/productos/200x200/901.png',1671.200,'0','1','2023-02-15 10:49:53',NULL),(1423,3,16,'336','Chizito Granel Julicroc x 1Kg  Queso','Chizito Granel Julicroc x 1Kg  Queso  - 1 unidades por bulto (Julicroc  - Snack)',1,'https://elproveedor.com.ar/wp-content/uploads/productos/336.png','https://elproveedor.com.ar/wp-content/uploads/productos/200x200/336.png',760.900,'0','0','2023-02-15 10:49:53',NULL),(1424,3,16,'343','Chizito Granel Julicroc x 1Kg Jamon','Chizito Granel Julicroc x 1Kg Jamon  - 1 unidades por bulto (Julicroc  - Snack)',1,'https://elproveedor.com.ar/wp-content/uploads/productos/343.png','https://elproveedor.com.ar/wp-content/uploads/productos/200x200/343.png',760.900,'0','0','2023-02-15 10:49:53',NULL),(1425,3,16,'230','Chizito Julicroc  14 x 200g','Chizito Julicroc  14 x 200g  - 1 unidades por bulto (Julicroc  - Snack)',1,'https://elproveedor.com.ar/wp-content/uploads/productos/230.png','https://elproveedor.com.ar/wp-content/uploads/productos/200x200/230.png',2810.200,'1','1','2023-02-15 10:49:53',NULL),(1426,3,16,'194','Conix Julicroc 16 x 70g','Conix Julicroc 16 x 70g  - 1 unidades por bulto (Julicroc  - Snack)',1,'https://elproveedor.com.ar/wp-content/uploads/productos/194.png','https://elproveedor.com.ar/wp-content/uploads/productos/200x200/194.png',3388.600,'1','1','2023-02-15 10:49:53',NULL),(1427,3,16,'148','Mani Salado con manteca Julicroc  18 x 100g','Mani Salado con manteca Julicroc  18 x 100g  - 1 unidades por bulto (Julicroc  - Snack)',1,'https://elproveedor.com.ar/wp-content/uploads/productos/148.png','https://elproveedor.com.ar/wp-content/uploads/productos/200x200/148.png',2415.300,'1','1','2023-02-15 10:49:53',NULL),(1428,3,16,'278','Palito Salado Julicroc  36 x 150g','Palito Salado Julicroc  36 x 150g  - 1 unidades por bulto (Julicroc  - Snack)',1,'https://elproveedor.com.ar/wp-content/uploads/productos/278.png','https://elproveedor.com.ar/wp-content/uploads/productos/200x200/278.png',5881.100,'1','1','2023-02-15 10:49:53',NULL),(1429,3,16,'322','Palito Salado Julicroc 12 x 450g','Palito Salado Julicroc 12 x 450g  - 1 unidades por bulto (Julicroc  - Snack)',1,'https://elproveedor.com.ar/wp-content/uploads/productos/322.png','https://elproveedor.com.ar/wp-content/uploads/productos/200x200/322.png',4925.600,'1','1','2023-02-15 10:49:53',NULL),(1430,3,16,'329','Palito Salado Julicroc 14x 1kg','Palito Salado Julicroc 14x 1kg  - 1 unidades por bulto (Julicroc  - Snack)',1,'https://elproveedor.com.ar/wp-content/uploads/productos/329.png','https://elproveedor.com.ar/wp-content/uploads/productos/200x200/329.png',10610.400,'1','1','2023-02-15 10:49:53',NULL),(1431,3,16,'957','Papas Fritas Julicroc  16 x 160g','Papas Fritas Julicroc  16 x 160g  - 1 unidades por bulto (Julicroc  - Snack)',1,'https://elproveedor.com.ar/wp-content/uploads/productos/957.png','https://elproveedor.com.ar/wp-content/uploads/productos/200x200/957.png',5384.300,'1','1','2023-02-15 10:49:53',NULL),(1432,3,16,'299','Papas Fritas Julicroc 12 x 250g','Papas Fritas Julicroc 12 x 250g  - 1 unidades por bulto (Julicroc  - Snack)',1,'https://elproveedor.com.ar/wp-content/uploads/productos/299.png','https://elproveedor.com.ar/wp-content/uploads/productos/200x200/299.png',5785.400,'1','1','2023-02-15 10:49:53',NULL),(1433,3,16,'254','Papas Fritas Julicroc 16 x 70g','Papas Fritas Julicroc 16 x 70g  - 1 unidades por bulto (Julicroc  - Snack)',1,'https://elproveedor.com.ar/wp-content/uploads/productos/254.png','https://elproveedor.com.ar/wp-content/uploads/productos/200x200/254.png',2550.900,'1','1','2023-02-15 10:49:53',NULL),(1434,3,16,'90412','Papas Fritas Julicroc Corte Americano 16 x80g ','Papas Fritas Julicroc Corte Americano 16 x80g   - 1 unidades por bulto (Julicroc  - Snack)',1,'https://elproveedor.com.ar/wp-content/uploads/productos/90412.png','https://elproveedor.com.ar/wp-content/uploads/productos/200x200/90412.png',2913.900,'1','1','2023-02-15 10:49:53',NULL),(1435,3,16,'162','Papas Fritas PAI Julicroc    14 x 330g','Papas Fritas PAI Julicroc    14 x 330g  - 1 unidades por bulto (Julicroc  - Snack)',1,'https://elproveedor.com.ar/wp-content/uploads/productos/162.png','https://elproveedor.com.ar/wp-content/uploads/productos/200x200/162.png',8039.500,'1','1','2023-02-15 10:49:53',NULL),(1436,3,16,'347','Papas Fritas Sabor Julicroc 16 x 70g Cheddar','Papas Fritas Sabor Julicroc 16 x 70g Cheddar  - 1 unidades por bulto (Julicroc  - Snack)',1,'https://elproveedor.com.ar/wp-content/uploads/productos/347.png','https://elproveedor.com.ar/wp-content/uploads/productos/200x200/347.png',2954.800,'1','1','2023-02-15 10:49:53',NULL),(1437,3,16,'858','Papas Fritas Sabor Julicroc 16 x 70g Ciboullete','Papas Fritas Sabor Julicroc 16 x 70g Ciboullete  - 1 unidades por bulto (Julicroc  - Snack)',1,'https://elproveedor.com.ar/wp-content/uploads/productos/858.png','https://elproveedor.com.ar/wp-content/uploads/productos/200x200/858.png',2954.800,'1','1','2023-02-15 10:49:53',NULL),(1438,3,16,'367','Puflitos Granel Julicroc x 1kg','Puflitos Granel Julicroc x 1kg  - 1 unidades por bulto (Julicroc  - Snack)',1,'https://elproveedor.com.ar/wp-content/uploads/productos/367.png','https://elproveedor.com.ar/wp-content/uploads/productos/200x200/367.png',760.900,'1','1','2023-02-15 10:49:53',NULL),(1439,3,16,'346','Puflitos Julicroc 14 x 220g','Puflitos Julicroc 14 x 220g  - 1 unidades por bulto (Julicroc  - Snack)',1,'https://elproveedor.com.ar/wp-content/uploads/productos/346.png','https://elproveedor.com.ar/wp-content/uploads/productos/200x200/346.png',4285.600,'1','1','2023-02-15 10:49:53',NULL),(1440,3,16,'374','Tutucas Granel Julicroc x 1kg','Tutucas Granel Julicroc x 1kg  - 1 unidades por bulto (Julicroc  - Snack)',1,'https://elproveedor.com.ar/wp-content/uploads/productos/374.png','https://elproveedor.com.ar/wp-content/uploads/productos/200x200/374.png',853.400,'1','1','2023-02-15 10:49:53',NULL),(1441,3,16,'131','Tutucas Julicroc 14 x 90g','Tutucas Julicroc 14 x 90g  - 1 unidades por bulto (Julicroc  - Snack)',1,'https://elproveedor.com.ar/wp-content/uploads/productos/131.png','https://elproveedor.com.ar/wp-content/uploads/productos/200x200/131.png',1734.700,'1','1','2023-02-15 10:49:53',NULL),(1442,1,12,'1012124','Jugo Noel 18 x 18g Anana','Jugo Noel 18 x 18g Anana  - 12 unidades por bulto (Arcor - Jugos)',12,'https://elproveedor.com.ar/wp-content/uploads/productos/1012124.png','https://elproveedor.com.ar/wp-content/uploads/productos/200x200/1012124.png',889.304,'1','1','2023-02-15 10:49:53',NULL),(1443,1,12,'1012320','Jugo Noel 18 x 18g Frutilla','Jugo Noel 18 x 18g Frutilla  - 12 unidades por bulto (Arcor - Jugos)',12,'https://elproveedor.com.ar/wp-content/uploads/productos/1012320.png','https://elproveedor.com.ar/wp-content/uploads/productos/200x200/1012320.png',889.304,'1','1','2023-02-15 10:49:53',NULL),(1444,1,12,'1011876','Jugo Noel 18 x 18g Limon','Jugo Noel 18 x 18g Limon  - 12 unidades por bulto (Arcor - Jugos)',12,'https://elproveedor.com.ar/wp-content/uploads/productos/1011876.png','https://elproveedor.com.ar/wp-content/uploads/productos/200x200/1011876.png',889.304,'1','1','2023-02-15 10:49:53',NULL),(1445,1,12,'1011875','Jugo Noel 18 x 18g Manzana','Jugo Noel 18 x 18g Manzana  - 12 unidades por bulto (Arcor - Jugos)',12,'https://elproveedor.com.ar/wp-content/uploads/productos/1011875.png','https://elproveedor.com.ar/wp-content/uploads/productos/200x200/1011875.png',889.304,'1','1','2023-02-15 10:49:53',NULL),(1446,1,12,'1011877','Jugo Noel 18 x 18g Multi','Jugo Noel 18 x 18g Multi  - 12 unidades por bulto (Arcor - Jugos)',12,'https://elproveedor.com.ar/wp-content/uploads/productos/1011877.png','https://elproveedor.com.ar/wp-content/uploads/productos/200x200/1011877.png',889.304,'1','1','2023-02-15 10:49:53',NULL),(1447,1,12,'1011874','Jugo Noel 18 x 18g Naranja','Jugo Noel 18 x 18g Naranja  - 12 unidades por bulto (Arcor - Jugos)',12,'https://elproveedor.com.ar/wp-content/uploads/productos/1011874.png','https://elproveedor.com.ar/wp-content/uploads/productos/200x200/1011874.png',889.304,'1','1','2023-02-15 10:49:53',NULL),(1448,1,12,'1013687','Jugo Noel ZERO 18 x 12g Manzana','Jugo Noel ZERO 18 x 12g Manzana  - 12 unidades por bulto (Arcor - Jugos)',12,'https://elproveedor.com.ar/wp-content/uploads/productos/1013687.png','https://elproveedor.com.ar/wp-content/uploads/productos/200x200/1013687.png',944.112,'1','1','2023-02-15 10:49:53',NULL),(1449,1,12,'1013688','Jugo Noel ZERO 18 x 12g Naranja','Jugo Noel ZERO 18 x 12g Naranja  - 12 unidades por bulto (Arcor - Jugos)',12,'https://elproveedor.com.ar/wp-content/uploads/productos/1013688.png','https://elproveedor.com.ar/wp-content/uploads/productos/200x200/1013688.png',944.112,'1','1','2023-02-15 10:49:53',NULL),(1450,4,8,'300859','Endulzante  Liquido el Pocillo x 180cc Clasico','Endulzante  Liquido el Pocillo x 180cc Clasico  - 6 unidades por bulto (Lheritier  - Endulzantes)',6,'https://elproveedor.com.ar/wp-content/uploads/productos/300859.png','https://elproveedor.com.ar/wp-content/uploads/productos/200x200/300859.png',185.700,'1','1','2023-02-15 10:49:53',NULL),(1451,4,8,'300827','Endulzante  Liquido el Pocillo x 180cc Stevia','Endulzante  Liquido el Pocillo x 180cc Stevia  - 6 unidades por bulto (Lheritier  - Endulzantes)',6,'https://elproveedor.com.ar/wp-content/uploads/productos/300827.png','https://elproveedor.com.ar/wp-content/uploads/productos/200x200/300827.png',319.400,'1','1','2023-02-15 10:49:53',NULL),(1452,4,8,'300873','Endulzante a base de azucar,sucr,stevia x 350g','Endulzante a base de azucar,sucr,stevia x 350g  - 12 unidades por bulto (Lheritier  - Endulzantes)',12,'https://elproveedor.com.ar/wp-content/uploads/productos/300873.png','https://elproveedor.com.ar/wp-content/uploads/productos/200x200/300873.png',216.000,'1','1','2023-02-15 10:49:53',NULL),(1453,4,8,'300826','Endulzante Liquido el Pocillo  x 180cc Sucralosa','Endulzante Liquido el Pocillo  x 180cc Sucralosa  - 6 unidades por bulto (Lheritier  - Endulzantes)',6,'https://elproveedor.com.ar/wp-content/uploads/productos/300826.png','https://elproveedor.com.ar/wp-content/uploads/productos/200x200/300826.png',228.600,'1','1','2023-02-15 10:49:53',NULL),(1454,4,11,'300665','Capuccino Bessone x120g Doypack','Capuccino Bessone x120g Doypack  - 12 unidades por bulto (Lheritier  - Infusiones)',12,'https://elproveedor.com.ar/wp-content/uploads/productos/300665.png','https://elproveedor.com.ar/wp-content/uploads/productos/200x200/300665.png',355.400,'0','1','2023-02-15 10:49:53',NULL),(1455,4,11,'300664','Malta el Pocillo C/ Leche x 125g Doypack','Malta el Pocillo C/ Leche x 125g Doypack  - 10 unidades por bulto (Lheritier  - Infusiones)',10,'https://elproveedor.com.ar/wp-content/uploads/productos/300664.png','https://elproveedor.com.ar/wp-content/uploads/productos/200x200/300664.png',318.800,'1','1','2023-02-15 10:49:53',NULL),(1456,4,11,'300819','Malta el Pocillo c/Leche x 170g Doypack','Malta el Pocillo c/Leche x 170g Doypack  - 10 unidades por bulto (Lheritier  - Infusiones)',10,'https://elproveedor.com.ar/wp-content/uploads/productos/300819.png','https://elproveedor.com.ar/wp-content/uploads/productos/200x200/300819.png',507.700,'1','1','2023-02-15 10:49:53',NULL),(1457,4,11,'300823','Malta el Pocillo Fortificada Niños x 125g Doypack','Malta el Pocillo Fortificada Niños x 125g Doypack  - 12 unidades por bulto (Lheritier  - Infusiones)',12,'https://elproveedor.com.ar/wp-content/uploads/productos/300823.png','https://elproveedor.com.ar/wp-content/uploads/productos/200x200/300823.png',285.700,'1','1','2023-02-15 10:49:53',NULL),(1458,4,11,'300662','Malta el Pocillo Fortificada x 125g Doypack','Malta el Pocillo Fortificada x 125g Doypack  - 12 unidades por bulto (Lheritier  - Infusiones)',12,'https://elproveedor.com.ar/wp-content/uploads/productos/300662.png','https://elproveedor.com.ar/wp-content/uploads/productos/200x200/300662.png',285.700,'1','1','2023-02-15 10:49:53',NULL),(1459,4,11,'300513','Malta el Pocillo Fortificada x 170g Pote','Malta el Pocillo Fortificada x 170g Pote  - 12 unidades por bulto (Lheritier  - Infusiones)',12,'https://elproveedor.com.ar/wp-content/uploads/productos/300513.png','https://elproveedor.com.ar/wp-content/uploads/productos/200x200/300513.png',473.600,'1','1','2023-02-15 10:49:53',NULL),(1460,4,11,'300815','Malta el Pocillo Fortificada x 200g Doypack','Malta el Pocillo Fortificada x 200g Doypack  - 12 unidades por bulto (Lheritier  - Infusiones)',12,'https://elproveedor.com.ar/wp-content/uploads/productos/300815.png','https://elproveedor.com.ar/wp-content/uploads/productos/200x200/300815.png',473.600,'1','1','2023-02-15 10:49:53',NULL),(1461,4,11,'300663','Malta Instantanea Maltife x 125g Doypack','Malta Instantanea Maltife x 125g Doypack  - 12 unidades por bulto (Lheritier  - Infusiones)',12,'https://elproveedor.com.ar/wp-content/uploads/productos/300663.png','https://elproveedor.com.ar/wp-content/uploads/productos/200x200/300663.png',298.400,'1','1','2023-02-15 10:49:53',NULL),(1462,4,11,'300592','Malta Instantanea Maltife x 170g Pote','Malta Instantanea Maltife x 170g Pote  - 12 unidades por bulto (Lheritier  - Infusiones)',12,'https://elproveedor.com.ar/wp-content/uploads/productos/300592.png','https://elproveedor.com.ar/wp-content/uploads/productos/200x200/300592.png',487.300,'1','1','2023-02-15 10:49:53',NULL),(1463,4,11,'300808','Malta Instantanea Maltife x 200g Doypack','Malta Instantanea Maltife x 200g Doypack  - 12 unidades por bulto (Lheritier  - Infusiones)',12,'https://elproveedor.com.ar/wp-content/uploads/productos/300808.png','https://elproveedor.com.ar/wp-content/uploads/productos/200x200/300808.png',487.300,'1','1','2023-02-15 10:49:53',NULL),(1464,1,1,'1000832','Arvejas secas remojada Noel 24 x 300g','Arvejas secas remojada Noel 24 x 300g  - 1 unidades por bulto (Arcor - Alimentos)',1,'https://elproveedor.com.ar/wp-content/uploads/productos/1000832.png','https://elproveedor.com.ar/wp-content/uploads/productos/200x200/1000832.png',3149.952,'0','1','2023-02-15 10:49:53',NULL),(1465,1,1,'1003082','Atun desmenuzado en aceite y agua x170g','Atun desmenuzado en aceite y agua x170g  - 24 unidades por bulto (Arcor - Alimentos)',24,'https://elproveedor.com.ar/wp-content/uploads/productos/1003082.png','https://elproveedor.com.ar/wp-content/uploads/productos/200x200/1003082.png',281.944,'0','1','2023-02-15 10:49:53',NULL),(1466,1,1,'1009837','Choclo Cremoso Noel x 24u','Choclo Cremoso Noel x 24u  - 1 unidades por bulto (Arcor - Alimentos)',1,'https://elproveedor.com.ar/wp-content/uploads/productos/1009837.png','https://elproveedor.com.ar/wp-content/uploads/productos/200x200/1009837.png',3696.576,'1','1','2023-02-15 10:49:53',NULL),(1467,1,1,'1001000','Dulce de Batata con chocolate Noel x 5k cajon','Dulce de Batata con chocolate Noel x 5k cajon  - 1 unidades por bulto (Arcor - Alimentos)',1,'https://elproveedor.com.ar/wp-content/uploads/productos/1001000.png','https://elproveedor.com.ar/wp-content/uploads/productos/200x200/1001000.png',1862.120,'1','1','2023-02-15 10:49:53',NULL),(1468,1,1,'1000780','Dulce de Batata Noel x 5k cajon','Dulce de Batata Noel x 5k cajon  - 1 unidades por bulto (Arcor - Alimentos)',1,'https://elproveedor.com.ar/wp-content/uploads/productos/1000780.png','https://elproveedor.com.ar/wp-content/uploads/productos/200x200/1000780.png',1862.120,'1','1','2023-02-15 10:49:53',NULL),(1469,1,1,'1000008','Dulce de Membrillo Noel x5k cajon','Dulce de Membrillo Noel x5k cajon  - 1 unidades por bulto (Arcor - Alimentos)',1,'https://elproveedor.com.ar/wp-content/uploads/productos/1000008.png','https://elproveedor.com.ar/wp-content/uploads/productos/200x200/1000008.png',2209.168,'1','1','2023-02-15 10:49:53',NULL),(1470,1,1,'1010509','Mermelada Light Noel x 390g Ciruela','Mermelada Light Noel x 390g Ciruela  - 12 unidades por bulto (Arcor - Alimentos)',12,'https://elproveedor.com.ar/wp-content/uploads/productos/1010509.png','https://elproveedor.com.ar/wp-content/uploads/productos/200x200/1010509.png',325.104,'1','1','2023-02-15 10:49:53',NULL),(1471,1,1,'1010507','Mermelada Light Noel x 390g Damazco','Mermelada Light Noel x 390g Damazco  - 12 unidades por bulto (Arcor - Alimentos)',12,'https://elproveedor.com.ar/wp-content/uploads/productos/1010507.png','https://elproveedor.com.ar/wp-content/uploads/productos/200x200/1010507.png',325.104,'1','1','2023-02-15 10:49:53',NULL),(1472,1,1,'1010506','Mermelada Light Noel x 390g Durazno','Mermelada Light Noel x 390g Durazno  - 12 unidades por bulto (Arcor - Alimentos)',12,'https://elproveedor.com.ar/wp-content/uploads/productos/1010506.png','https://elproveedor.com.ar/wp-content/uploads/productos/200x200/1010506.png',325.104,'1','1','2023-02-15 10:49:53',NULL),(1473,1,1,'1010510','Mermelada Light Noel x 390g Frutilla','Mermelada Light Noel x 390g Frutilla  - 12 unidades por bulto (Arcor - Alimentos)',12,'https://elproveedor.com.ar/wp-content/uploads/productos/1010510.png','https://elproveedor.com.ar/wp-content/uploads/productos/200x200/1010510.png',526.448,'1','1','2023-02-15 10:49:53',NULL),(1474,1,1,'1010508','Mermelada Light Noel x 390g Naranja','Mermelada Light Noel x 390g Naranja  - 12 unidades por bulto (Arcor - Alimentos)',12,'https://elproveedor.com.ar/wp-content/uploads/productos/1010508.png','https://elproveedor.com.ar/wp-content/uploads/productos/200x200/1010508.png',325.104,'1','1','2023-02-15 10:49:53',NULL),(1475,1,1,'1001978','Mermelada Noel x 454g Ciruela','Mermelada Noel x 454g Ciruela  - 12 unidades por bulto (Arcor - Alimentos)',12,'https://elproveedor.com.ar/wp-content/uploads/productos/1001978.png','https://elproveedor.com.ar/wp-content/uploads/productos/200x200/1001978.png',309.296,'1','1','2023-02-15 10:49:53',NULL),(1476,1,1,'1001976','Mermelada Noel x 454g Damazco','Mermelada Noel x 454g Damazco  - 12 unidades por bulto (Arcor - Alimentos)',12,'https://elproveedor.com.ar/wp-content/uploads/productos/1001976.png','https://elproveedor.com.ar/wp-content/uploads/productos/200x200/1001976.png',309.296,'1','1','2023-02-15 10:49:53',NULL),(1477,1,1,'1001975','Mermelada Noel x 454g Durazno','Mermelada Noel x 454g Durazno  - 12 unidades por bulto (Arcor - Alimentos)',12,'https://elproveedor.com.ar/wp-content/uploads/productos/1001975.png','https://elproveedor.com.ar/wp-content/uploads/productos/200x200/1001975.png',309.296,'1','1','2023-02-15 10:49:53',NULL),(1478,1,1,'1001979','Mermelada Noel x 454g Frutilla','Mermelada Noel x 454g Frutilla  - 12 unidades por bulto (Arcor - Alimentos)',12,'https://elproveedor.com.ar/wp-content/uploads/productos/1001979.png','https://elproveedor.com.ar/wp-content/uploads/productos/200x200/1001979.png',459.264,'1','1','2023-02-15 10:49:53',NULL),(1479,1,1,'1001977','Mermelada Noel x 454g Naranja','Mermelada Noel x 454g Naranja  - 12 unidades por bulto (Arcor - Alimentos)',12,'https://elproveedor.com.ar/wp-content/uploads/productos/1001977.png','https://elproveedor.com.ar/wp-content/uploads/productos/200x200/1001977.png',309.296,'1','1','2023-02-15 10:49:53',NULL),(1480,1,1,'1013307','Polenta Instantanea Noel x500g','Polenta Instantanea Noel x500g  - 30 unidades por bulto (Arcor - Alimentos)',30,'https://elproveedor.com.ar/wp-content/uploads/productos/1013307.png','https://elproveedor.com.ar/wp-content/uploads/productos/200x200/1013307.png',141.128,'1','1','2023-02-15 10:49:53',NULL),(1481,1,1,'1000019','Pure de Tomate Tetra Noel 12 x 520g','Pure de Tomate Tetra Noel 12 x 520g  - 1 unidades por bulto (Arcor - Alimentos)',1,'https://elproveedor.com.ar/wp-content/uploads/productos/1000019.png','https://elproveedor.com.ar/wp-content/uploads/productos/200x200/1000019.png',1476.384,'1','1','2023-02-15 10:49:53',NULL),(1482,1,1,'1009466','Salsa Noel  x 340g Filetto','Salsa Noel  x 340g Filetto  - 24 unidades por bulto (Arcor - Alimentos)',24,'https://elproveedor.com.ar/wp-content/uploads/productos/1009466.png','https://elproveedor.com.ar/wp-content/uploads/productos/200x200/1009466.png',127.192,'1','1','2023-02-15 10:49:53',NULL),(1483,1,1,'1009467','Salsa Noel  x 340g Pizza','Salsa Noel  x 340g Pizza  - 24 unidades por bulto (Arcor - Alimentos)',24,'https://elproveedor.com.ar/wp-content/uploads/productos/1009467.png','https://elproveedor.com.ar/wp-content/uploads/productos/200x200/1009467.png',127.192,'1','1','2023-02-15 10:49:53',NULL),(1484,1,1,'1009459','Salsa Noel  x 340g Pomarola','Salsa Noel  x 340g Pomarola  - 24 unidades por bulto (Arcor - Alimentos)',24,'https://elproveedor.com.ar/wp-content/uploads/productos/1009459.png','https://elproveedor.com.ar/wp-content/uploads/productos/200x200/1009459.png',127.192,'1','1','2023-02-15 10:49:53',NULL),(1485,1,1,'1009465','Salsa Noel x 340g Portuguesa','Salsa Noel x 340g Portuguesa  - 24 unidades por bulto (Arcor - Alimentos)',24,'https://elproveedor.com.ar/wp-content/uploads/productos/1009465.png','https://elproveedor.com.ar/wp-content/uploads/productos/200x200/1009465.png',127.192,'1','1','2023-02-15 10:49:53',NULL),(1486,1,1,'1000039','Tomate pelado peritas Noel 24 x 400g','Tomate pelado peritas Noel 24 x 400g  - 1 unidades por bulto (Arcor - Alimentos)',20,'https://elproveedor.com.ar/wp-content/uploads/productos/1000039.png','https://elproveedor.com.ar/wp-content/uploads/productos/200x200/1000039.png',1522.660,'1','1','2023-02-15 10:49:53','2023-03-07 19:51:32');
/*!40000 ALTER TABLE `productos` ENABLE KEYS */;
UNLOCK TABLES;

--
-- Table structure for table `tipos_clientes`
--

DROP TABLE IF EXISTS `tipos_clientes`;
/*!40101 SET @saved_cs_client     = @@character_set_client */;
/*!50503 SET character_set_client = utf8mb4 */;
CREATE TABLE `tipos_clientes` (
  `id_tipo_cliente` int unsigned NOT NULL AUTO_INCREMENT,
  `tipo_cliente` varchar(45) NOT NULL,
  `estado` char(1) NOT NULL DEFAULT '1',
  `fecha_registro` timestamp NOT NULL DEFAULT CURRENT_TIMESTAMP,
  `fecha_modificacion` timestamp NULL DEFAULT NULL,
  PRIMARY KEY (`id_tipo_cliente`),
  UNIQUE KEY `id_tipo_cliente_UNIQUE` (`id_tipo_cliente`),
  UNIQUE KEY `tipo_cliente_UNIQUE` (`tipo_cliente`)
) ENGINE=InnoDB AUTO_INCREMENT=20 DEFAULT CHARSET=utf8mb4 COLLATE=utf8mb4_0900_ai_ci;
/*!40101 SET character_set_client = @saved_cs_client */;

--
-- Dumping data for table `tipos_clientes`
--

LOCK TABLES `tipos_clientes` WRITE;
/*!40000 ALTER TABLE `tipos_clientes` DISABLE KEYS */;
INSERT INTO `tipos_clientes` VALUES (1,'Consumidor Final','1','2023-02-15 09:48:21',NULL),(2,'Mayorista','1','2023-02-15 09:51:14',NULL),(3,'Revendedor','1','2023-02-15 09:51:15',NULL),(4,'Especialito','1','2023-02-15 09:51:15',NULL),(5,'Personal Interno','1','2023-02-15 09:51:15',NULL),(6,'Amigo del dueño','1','2023-02-16 00:38:59',NULL);
/*!40000 ALTER TABLE `tipos_clientes` ENABLE KEYS */;
UNLOCK TABLES;

--
-- Table structure for table `tipos_descuentos`
--

DROP TABLE IF EXISTS `tipos_descuentos`;
/*!40101 SET @saved_cs_client     = @@character_set_client */;
/*!50503 SET character_set_client = utf8mb4 */;
CREATE TABLE `tipos_descuentos` (
  `id_tipo_descuento` int unsigned NOT NULL AUTO_INCREMENT,
  `tipo_descuento` varchar(45) NOT NULL,
  `descuento` decimal(5,2) NOT NULL DEFAULT '0.00',
  `estado` char(1) NOT NULL DEFAULT '1',
  `fecha_registro` timestamp NOT NULL DEFAULT CURRENT_TIMESTAMP,
  `fecha_modificacion` timestamp NULL DEFAULT NULL,
  PRIMARY KEY (`id_tipo_descuento`),
  UNIQUE KEY `id_tipo_descuento_UNIQUE` (`id_tipo_descuento`),
  UNIQUE KEY `tipo_descuento_UNIQUE` (`tipo_descuento`)
) ENGINE=InnoDB AUTO_INCREMENT=34 DEFAULT CHARSET=utf8mb4 COLLATE=utf8mb4_0900_ai_ci;
/*!40101 SET character_set_client = @saved_cs_client */;

--
-- Dumping data for table `tipos_descuentos`
--

LOCK TABLES `tipos_descuentos` WRITE;
/*!40000 ALTER TABLE `tipos_descuentos` DISABLE KEYS */;
INSERT INTO `tipos_descuentos` VALUES (1,'Descuento Consumidor Final',0.00,'1','2023-02-15 09:52:20',NULL),(2,'Descuento',25.00,'1','2023-02-15 09:52:20','2023-03-08 13:47:41'),(3,'Descuento Revendedor',150.00,'0','2023-02-15 09:52:20','2023-03-08 19:43:59'),(4,'Descuento Especial',0.17,'0','2023-02-15 09:52:20',NULL),(5,'Descuento Promocional',0.00,'0','2023-02-15 09:52:21',NULL),(6,'Descuento Adicional por volumen',0.00,'1','2023-02-15 09:52:21',NULL),(7,'Otros descuentos',0.00,'1','2023-02-15 09:52:21',NULL),(8,'Sin descuento',0.00,'1','2023-02-15 09:52:21',NULL);
/*!40000 ALTER TABLE `tipos_descuentos` ENABLE KEYS */;
UNLOCK TABLES;

--
-- Table structure for table `usuarios`
--

DROP TABLE IF EXISTS `usuarios`;
/*!40101 SET @saved_cs_client     = @@character_set_client */;
/*!50503 SET character_set_client = utf8mb4 */;
CREATE TABLE `usuarios` (
  `id_usuario` int unsigned NOT NULL AUTO_INCREMENT,
  `usuario` varchar(45) NOT NULL,
  `password` varchar(200) NOT NULL,
  `correo_electronico` varchar(60) NOT NULL,
  `nombre` varchar(45) NOT NULL,
  `apellido` varchar(45) NOT NULL,
  `fecha_nacimiento` date NOT NULL,
  `dni` varchar(9) NOT NULL,
  `celular` varchar(14) NOT NULL,
  `estado` char(1) NOT NULL DEFAULT '1',
  `fecha_registro` timestamp NOT NULL DEFAULT CURRENT_TIMESTAMP,
  `fecha_modificacion` timestamp NULL DEFAULT NULL,
  PRIMARY KEY (`id_usuario`),
  UNIQUE KEY `id_usuarios_UNIQUE` (`id_usuario`),
  UNIQUE KEY `usuario_UNIQUE` (`usuario`),
  UNIQUE KEY `correo_electronico_UNIQUE` (`correo_electronico`)
) ENGINE=InnoDB AUTO_INCREMENT=31 DEFAULT CHARSET=utf8mb4 COLLATE=utf8mb4_0900_ai_ci COMMENT='		';
/*!40101 SET character_set_client = @saved_cs_client */;

--
-- Dumping data for table `usuarios`
--

LOCK TABLES `usuarios` WRITE;
/*!40000 ALTER TABLE `usuarios` DISABLE KEYS */;
INSERT INTO `usuarios` VALUES (1,'admin','$2b$05$5svuxdxQ4.tZ2rHcENOVd.dtrf.7QWEkT2SXiBF11LT9Nr4fJIk.e','prueba','admin','hash','1111-11-11','123456789','376515223344','1','2023-02-17 23:32:55',NULL),(2,'capinf','$2b$05$fm4sUEw4zf2vJ0ZzhrQf5OJXFHUQPLUtRyc9/BtWU6p1/3cw7d7iu','capinf@capinf.com.ar','Juan Andrés ','Markovich','1981-09-04','235456461','3764252528','1','2023-03-11 00:58:50',NULL);
/*!40000 ALTER TABLE `usuarios` ENABLE KEYS */;
UNLOCK TABLES;
/*!40103 SET TIME_ZONE=@OLD_TIME_ZONE */;

/*!40101 SET SQL_MODE=@OLD_SQL_MODE */;
/*!40014 SET FOREIGN_KEY_CHECKS=@OLD_FOREIGN_KEY_CHECKS */;
/*!40014 SET UNIQUE_CHECKS=@OLD_UNIQUE_CHECKS */;
/*!40101 SET CHARACTER_SET_CLIENT=@OLD_CHARACTER_SET_CLIENT */;
/*!40101 SET CHARACTER_SET_RESULTS=@OLD_CHARACTER_SET_RESULTS */;
/*!40101 SET COLLATION_CONNECTION=@OLD_COLLATION_CONNECTION */;
/*!40111 SET SQL_NOTES=@OLD_SQL_NOTES */;

-- Dump completed on 2023-03-14 21:19:52
